Symbol,Feature,Lag,P-value
ACB_train,open,1,1.670253150641986e-271
ACB_train,open,2,0.0
ACB_train,open,3,0.0
ACB_train,open,4,0.0
ACB_train,open,5,0.0
ACB_train,open,6,0.0
ACB_train,open,7,0.0
ACB_train,open,8,0.0
ACB_train,open,9,0.0
ACB_train,open,10,0.0
ACB_train,open,11,0.0
ACB_train,open,12,0.0
ACB_train,open,13,0.0
ACB_train,open,14,0.0
ACB_train,open,15,0.0
ACB_train,open,16,0.0
ACB_train,open,17,0.0
ACB_train,open,18,0.0
ACB_train,open,19,0.0
ACB_train,open,20,0.0
ACB_train,open,21,0.0
ACB_train,open,22,0.0
ACB_train,open,23,0.0
ACB_train,open,24,0.0
ACB_train,open,25,0.0
ACB_train,open,26,0.0
ACB_train,open,27,0.0
ACB_train,open,28,0.0
ACB_train,open,29,0.0
ACB_train,open,30,0.0
ACB_train,high,1,6.283670257449107e-272
ACB_train,high,2,0.0
ACB_train,high,3,0.0
ACB_train,high,4,0.0
ACB_train,high,5,0.0
ACB_train,high,6,0.0
ACB_train,high,7,0.0
ACB_train,high,8,0.0
ACB_train,high,9,0.0
ACB_train,high,10,0.0
ACB_train,high,11,0.0
ACB_train,high,12,0.0
ACB_train,high,13,0.0
ACB_train,high,14,0.0
ACB_train,high,15,0.0
ACB_train,high,16,0.0
ACB_train,high,17,0.0
ACB_train,high,18,0.0
ACB_train,high,19,0.0
ACB_train,high,20,0.0
ACB_train,high,21,0.0
ACB_train,high,22,0.0
ACB_train,high,23,0.0
ACB_train,high,24,0.0
ACB_train,high,25,0.0
ACB_train,high,26,0.0
ACB_train,high,27,0.0
ACB_train,high,28,0.0
ACB_train,high,29,0.0
ACB_train,high,30,0.0
ACB_train,low,1,1.0291471777809924e-271
ACB_train,low,2,0.0
ACB_train,low,3,0.0
ACB_train,low,4,0.0
ACB_train,low,5,0.0
ACB_train,low,6,0.0
ACB_train,low,7,0.0
ACB_train,low,8,0.0
ACB_train,low,9,0.0
ACB_train,low,10,0.0
ACB_train,low,11,0.0
ACB_train,low,12,0.0
ACB_train,low,13,0.0
ACB_train,low,14,0.0
ACB_train,low,15,0.0
ACB_train,low,16,0.0
ACB_train,low,17,0.0
ACB_train,low,18,0.0
ACB_train,low,19,0.0
ACB_train,low,20,0.0
ACB_train,low,21,0.0
ACB_train,low,22,0.0
ACB_train,low,23,0.0
ACB_train,low,24,0.0
ACB_train,low,25,0.0
ACB_train,low,26,0.0
ACB_train,low,27,0.0
ACB_train,low,28,0.0
ACB_train,low,29,0.0
ACB_train,low,30,0.0
ACB_train,close,1,9.767429129324171e-272
ACB_train,close,2,0.0
ACB_train,close,3,0.0
ACB_train,close,4,0.0
ACB_train,close,5,0.0
ACB_train,close,6,0.0
ACB_train,close,7,0.0
ACB_train,close,8,0.0
ACB_train,close,9,0.0
ACB_train,close,10,0.0
ACB_train,close,11,0.0
ACB_train,close,12,0.0
ACB_train,close,13,0.0
ACB_train,close,14,0.0
ACB_train,close,15,0.0
ACB_train,close,16,0.0
ACB_train,close,17,0.0
ACB_train,close,18,0.0
ACB_train,close,19,0.0
ACB_train,close,20,0.0
ACB_train,close,21,0.0
ACB_train,close,22,0.0
ACB_train,close,23,0.0
ACB_train,close,24,0.0
ACB_train,close,25,0.0
ACB_train,close,26,0.0
ACB_train,close,27,0.0
ACB_train,close,28,0.0
ACB_train,close,29,0.0
ACB_train,close,30,0.0
BCM_train,open,1,4.0461058750868543e-271
BCM_train,open,2,0.0
BCM_train,open,3,0.0
BCM_train,open,4,0.0
BCM_train,open,5,0.0
BCM_train,open,6,0.0
BCM_train,open,7,0.0
BCM_train,open,8,0.0
BCM_train,open,9,0.0
BCM_train,open,10,0.0
BCM_train,open,11,0.0
BCM_train,open,12,0.0
BCM_train,open,13,0.0
BCM_train,open,14,0.0
BCM_train,open,15,0.0
BCM_train,open,16,0.0
BCM_train,open,17,0.0
BCM_train,open,18,0.0
BCM_train,open,19,0.0
BCM_train,open,20,0.0
BCM_train,open,21,0.0
BCM_train,open,22,0.0
BCM_train,open,23,0.0
BCM_train,open,24,0.0
BCM_train,open,25,0.0
BCM_train,open,26,0.0
BCM_train,open,27,0.0
BCM_train,open,28,0.0
BCM_train,open,29,0.0
BCM_train,open,30,0.0
BCM_train,high,1,9.651891781466458e-272
BCM_train,high,2,0.0
BCM_train,high,3,0.0
BCM_train,high,4,0.0
BCM_train,high,5,0.0
BCM_train,high,6,0.0
BCM_train,high,7,0.0
BCM_train,high,8,0.0
BCM_train,high,9,0.0
BCM_train,high,10,0.0
BCM_train,high,11,0.0
BCM_train,high,12,0.0
BCM_train,high,13,0.0
BCM_train,high,14,0.0
BCM_train,high,15,0.0
BCM_train,high,16,0.0
BCM_train,high,17,0.0
BCM_train,high,18,0.0
BCM_train,high,19,0.0
BCM_train,high,20,0.0
BCM_train,high,21,0.0
BCM_train,high,22,0.0
BCM_train,high,23,0.0
BCM_train,high,24,0.0
BCM_train,high,25,0.0
BCM_train,high,26,0.0
BCM_train,high,27,0.0
BCM_train,high,28,0.0
BCM_train,high,29,0.0
BCM_train,high,30,0.0
BCM_train,low,1,2.065750176441118e-271
BCM_train,low,2,0.0
BCM_train,low,3,0.0
BCM_train,low,4,0.0
BCM_train,low,5,0.0
BCM_train,low,6,0.0
BCM_train,low,7,0.0
BCM_train,low,8,0.0
BCM_train,low,9,0.0
BCM_train,low,10,0.0
BCM_train,low,11,0.0
BCM_train,low,12,0.0
BCM_train,low,13,0.0
BCM_train,low,14,0.0
BCM_train,low,15,0.0
BCM_train,low,16,0.0
BCM_train,low,17,0.0
BCM_train,low,18,0.0
BCM_train,low,19,0.0
BCM_train,low,20,0.0
BCM_train,low,21,0.0
BCM_train,low,22,0.0
BCM_train,low,23,0.0
BCM_train,low,24,0.0
BCM_train,low,25,0.0
BCM_train,low,26,0.0
BCM_train,low,27,0.0
BCM_train,low,28,0.0
BCM_train,low,29,0.0
BCM_train,low,30,0.0
BCM_train,close,1,1.2383006921560192e-271
BCM_train,close,2,0.0
BCM_train,close,3,0.0
BCM_train,close,4,0.0
BCM_train,close,5,0.0
BCM_train,close,6,0.0
BCM_train,close,7,0.0
BCM_train,close,8,0.0
BCM_train,close,9,0.0
BCM_train,close,10,0.0
BCM_train,close,11,0.0
BCM_train,close,12,0.0
BCM_train,close,13,0.0
BCM_train,close,14,0.0
BCM_train,close,15,0.0
BCM_train,close,16,0.0
BCM_train,close,17,0.0
BCM_train,close,18,0.0
BCM_train,close,19,0.0
BCM_train,close,20,0.0
BCM_train,close,21,0.0
BCM_train,close,22,0.0
BCM_train,close,23,0.0
BCM_train,close,24,0.0
BCM_train,close,25,0.0
BCM_train,close,26,0.0
BCM_train,close,27,0.0
BCM_train,close,28,0.0
BCM_train,close,29,0.0
BCM_train,close,30,0.0
BID_train,open,1,1.1217731298361527e-268
BID_train,open,2,0.0
BID_train,open,3,0.0
BID_train,open,4,0.0
BID_train,open,5,0.0
BID_train,open,6,0.0
BID_train,open,7,0.0
BID_train,open,8,0.0
BID_train,open,9,0.0
BID_train,open,10,0.0
BID_train,open,11,0.0
BID_train,open,12,0.0
BID_train,open,13,0.0
BID_train,open,14,0.0
BID_train,open,15,0.0
BID_train,open,16,0.0
BID_train,open,17,0.0
BID_train,open,18,0.0
BID_train,open,19,0.0
BID_train,open,20,0.0
BID_train,open,21,0.0
BID_train,open,22,0.0
BID_train,open,23,0.0
BID_train,open,24,0.0
BID_train,open,25,0.0
BID_train,open,26,0.0
BID_train,open,27,0.0
BID_train,open,28,0.0
BID_train,open,29,0.0
BID_train,open,30,0.0
BID_train,high,1,1.1662710988197058e-270
BID_train,high,2,0.0
BID_train,high,3,0.0
BID_train,high,4,0.0
BID_train,high,5,0.0
BID_train,high,6,0.0
BID_train,high,7,0.0
BID_train,high,8,0.0
BID_train,high,9,0.0
BID_train,high,10,0.0
BID_train,high,11,0.0
BID_train,high,12,0.0
BID_train,high,13,0.0
BID_train,high,14,0.0
BID_train,high,15,0.0
BID_train,high,16,0.0
BID_train,high,17,0.0
BID_train,high,18,0.0
BID_train,high,19,0.0
BID_train,high,20,0.0
BID_train,high,21,0.0
BID_train,high,22,0.0
BID_train,high,23,0.0
BID_train,high,24,0.0
BID_train,high,25,0.0
BID_train,high,26,0.0
BID_train,high,27,0.0
BID_train,high,28,0.0
BID_train,high,29,0.0
BID_train,high,30,0.0
BID_train,low,1,1.3364379664064984e-269
BID_train,low,2,0.0
BID_train,low,3,0.0
BID_train,low,4,0.0
BID_train,low,5,0.0
BID_train,low,6,0.0
BID_train,low,7,0.0
BID_train,low,8,0.0
BID_train,low,9,0.0
BID_train,low,10,0.0
BID_train,low,11,0.0
BID_train,low,12,0.0
BID_train,low,13,0.0
BID_train,low,14,0.0
BID_train,low,15,0.0
BID_train,low,16,0.0
BID_train,low,17,0.0
BID_train,low,18,0.0
BID_train,low,19,0.0
BID_train,low,20,0.0
BID_train,low,21,0.0
BID_train,low,22,0.0
BID_train,low,23,0.0
BID_train,low,24,0.0
BID_train,low,25,0.0
BID_train,low,26,0.0
BID_train,low,27,0.0
BID_train,low,28,0.0
BID_train,low,29,0.0
BID_train,low,30,0.0
BID_train,close,1,1.8769035540763675e-269
BID_train,close,2,0.0
BID_train,close,3,0.0
BID_train,close,4,0.0
BID_train,close,5,0.0
BID_train,close,6,0.0
BID_train,close,7,0.0
BID_train,close,8,0.0
BID_train,close,9,0.0
BID_train,close,10,0.0
BID_train,close,11,0.0
BID_train,close,12,0.0
BID_train,close,13,0.0
BID_train,close,14,0.0
BID_train,close,15,0.0
BID_train,close,16,0.0
BID_train,close,17,0.0
BID_train,close,18,0.0
BID_train,close,19,0.0
BID_train,close,20,0.0
BID_train,close,21,0.0
BID_train,close,22,0.0
BID_train,close,23,0.0
BID_train,close,24,0.0
BID_train,close,25,0.0
BID_train,close,26,0.0
BID_train,close,27,0.0
BID_train,close,28,0.0
BID_train,close,29,0.0
BID_train,close,30,0.0
BVH_train,open,1,1.7693504758699753e-269
BVH_train,open,2,0.0
BVH_train,open,3,0.0
BVH_train,open,4,0.0
BVH_train,open,5,0.0
BVH_train,open,6,0.0
BVH_train,open,7,0.0
BVH_train,open,8,0.0
BVH_train,open,9,0.0
BVH_train,open,10,0.0
BVH_train,open,11,0.0
BVH_train,open,12,0.0
BVH_train,open,13,0.0
BVH_train,open,14,0.0
BVH_train,open,15,0.0
BVH_train,open,16,0.0
BVH_train,open,17,0.0
BVH_train,open,18,0.0
BVH_train,open,19,0.0
BVH_train,open,20,0.0
BVH_train,open,21,0.0
BVH_train,open,22,0.0
BVH_train,open,23,0.0
BVH_train,open,24,0.0
BVH_train,open,25,0.0
BVH_train,open,26,0.0
BVH_train,open,27,0.0
BVH_train,open,28,0.0
BVH_train,open,29,0.0
BVH_train,open,30,0.0
BVH_train,high,1,7.354346296433007e-271
BVH_train,high,2,0.0
BVH_train,high,3,0.0
BVH_train,high,4,0.0
BVH_train,high,5,0.0
BVH_train,high,6,0.0
BVH_train,high,7,0.0
BVH_train,high,8,0.0
BVH_train,high,9,0.0
BVH_train,high,10,0.0
BVH_train,high,11,0.0
BVH_train,high,12,0.0
BVH_train,high,13,0.0
BVH_train,high,14,0.0
BVH_train,high,15,0.0
BVH_train,high,16,0.0
BVH_train,high,17,0.0
BVH_train,high,18,0.0
BVH_train,high,19,0.0
BVH_train,high,20,0.0
BVH_train,high,21,0.0
BVH_train,high,22,0.0
BVH_train,high,23,0.0
BVH_train,high,24,0.0
BVH_train,high,25,0.0
BVH_train,high,26,0.0
BVH_train,high,27,0.0
BVH_train,high,28,0.0
BVH_train,high,29,0.0
BVH_train,high,30,0.0
BVH_train,low,1,1.6544790954590014e-270
BVH_train,low,2,0.0
BVH_train,low,3,0.0
BVH_train,low,4,0.0
BVH_train,low,5,0.0
BVH_train,low,6,0.0
BVH_train,low,7,0.0
BVH_train,low,8,0.0
BVH_train,low,9,0.0
BVH_train,low,10,0.0
BVH_train,low,11,0.0
BVH_train,low,12,0.0
BVH_train,low,13,0.0
BVH_train,low,14,0.0
BVH_train,low,15,0.0
BVH_train,low,16,0.0
BVH_train,low,17,0.0
BVH_train,low,18,0.0
BVH_train,low,19,0.0
BVH_train,low,20,0.0
BVH_train,low,21,0.0
BVH_train,low,22,0.0
BVH_train,low,23,0.0
BVH_train,low,24,0.0
BVH_train,low,25,0.0
BVH_train,low,26,0.0
BVH_train,low,27,0.0
BVH_train,low,28,0.0
BVH_train,low,29,0.0
BVH_train,low,30,0.0
BVH_train,close,1,1.9016353059614796e-270
BVH_train,close,2,0.0
BVH_train,close,3,0.0
BVH_train,close,4,0.0
BVH_train,close,5,0.0
BVH_train,close,6,0.0
BVH_train,close,7,0.0
BVH_train,close,8,0.0
BVH_train,close,9,0.0
BVH_train,close,10,0.0
BVH_train,close,11,0.0
BVH_train,close,12,0.0
BVH_train,close,13,0.0
BVH_train,close,14,0.0
BVH_train,close,15,0.0
BVH_train,close,16,0.0
BVH_train,close,17,0.0
BVH_train,close,18,0.0
BVH_train,close,19,0.0
BVH_train,close,20,0.0
BVH_train,close,21,0.0
BVH_train,close,22,0.0
BVH_train,close,23,0.0
BVH_train,close,24,0.0
BVH_train,close,25,0.0
BVH_train,close,26,0.0
BVH_train,close,27,0.0
BVH_train,close,28,0.0
BVH_train,close,29,0.0
BVH_train,close,30,0.0
CTG_train,open,1,6.285775524223593e-272
CTG_train,open,2,0.0
CTG_train,open,3,0.0
CTG_train,open,4,0.0
CTG_train,open,5,0.0
CTG_train,open,6,0.0
CTG_train,open,7,0.0
CTG_train,open,8,0.0
CTG_train,open,9,0.0
CTG_train,open,10,0.0
CTG_train,open,11,0.0
CTG_train,open,12,0.0
CTG_train,open,13,0.0
CTG_train,open,14,0.0
CTG_train,open,15,0.0
CTG_train,open,16,0.0
CTG_train,open,17,0.0
CTG_train,open,18,0.0
CTG_train,open,19,0.0
CTG_train,open,20,0.0
CTG_train,open,21,0.0
CTG_train,open,22,0.0
CTG_train,open,23,0.0
CTG_train,open,24,0.0
CTG_train,open,25,0.0
CTG_train,open,26,0.0
CTG_train,open,27,0.0
CTG_train,open,28,0.0
CTG_train,open,29,0.0
CTG_train,open,30,0.0
CTG_train,high,1,1.089537718942512e-272
CTG_train,high,2,0.0
CTG_train,high,3,0.0
CTG_train,high,4,0.0
CTG_train,high,5,0.0
CTG_train,high,6,0.0
CTG_train,high,7,0.0
CTG_train,high,8,0.0
CTG_train,high,9,0.0
CTG_train,high,10,0.0
CTG_train,high,11,0.0
CTG_train,high,12,0.0
CTG_train,high,13,0.0
CTG_train,high,14,0.0
CTG_train,high,15,0.0
CTG_train,high,16,0.0
CTG_train,high,17,0.0
CTG_train,high,18,0.0
CTG_train,high,19,0.0
CTG_train,high,20,0.0
CTG_train,high,21,0.0
CTG_train,high,22,0.0
CTG_train,high,23,0.0
CTG_train,high,24,0.0
CTG_train,high,25,0.0
CTG_train,high,26,0.0
CTG_train,high,27,0.0
CTG_train,high,28,0.0
CTG_train,high,29,0.0
CTG_train,high,30,0.0
CTG_train,low,1,3.811393108446845e-272
CTG_train,low,2,0.0
CTG_train,low,3,0.0
CTG_train,low,4,0.0
CTG_train,low,5,0.0
CTG_train,low,6,0.0
CTG_train,low,7,0.0
CTG_train,low,8,0.0
CTG_train,low,9,0.0
CTG_train,low,10,0.0
CTG_train,low,11,0.0
CTG_train,low,12,0.0
CTG_train,low,13,0.0
CTG_train,low,14,0.0
CTG_train,low,15,0.0
CTG_train,low,16,0.0
CTG_train,low,17,0.0
CTG_train,low,18,0.0
CTG_train,low,19,0.0
CTG_train,low,20,0.0
CTG_train,low,21,0.0
CTG_train,low,22,0.0
CTG_train,low,23,0.0
CTG_train,low,24,0.0
CTG_train,low,25,0.0
CTG_train,low,26,0.0
CTG_train,low,27,0.0
CTG_train,low,28,0.0
CTG_train,low,29,0.0
CTG_train,low,30,0.0
CTG_train,close,1,3.9109408708367714e-272
CTG_train,close,2,0.0
CTG_train,close,3,0.0
CTG_train,close,4,0.0
CTG_train,close,5,0.0
CTG_train,close,6,0.0
CTG_train,close,7,0.0
CTG_train,close,8,0.0
CTG_train,close,9,0.0
CTG_train,close,10,0.0
CTG_train,close,11,0.0
CTG_train,close,12,0.0
CTG_train,close,13,0.0
CTG_train,close,14,0.0
CTG_train,close,15,0.0
CTG_train,close,16,0.0
CTG_train,close,17,0.0
CTG_train,close,18,0.0
CTG_train,close,19,0.0
CTG_train,close,20,0.0
CTG_train,close,21,0.0
CTG_train,close,22,0.0
CTG_train,close,23,0.0
CTG_train,close,24,0.0
CTG_train,close,25,0.0
CTG_train,close,26,0.0
CTG_train,close,27,0.0
CTG_train,close,28,0.0
CTG_train,close,29,0.0
CTG_train,close,30,0.0
FPT_train,open,1,1.2241302707575121e-272
FPT_train,open,2,0.0
FPT_train,open,3,0.0
FPT_train,open,4,0.0
FPT_train,open,5,0.0
FPT_train,open,6,0.0
FPT_train,open,7,0.0
FPT_train,open,8,0.0
FPT_train,open,9,0.0
FPT_train,open,10,0.0
FPT_train,open,11,0.0
FPT_train,open,12,0.0
FPT_train,open,13,0.0
FPT_train,open,14,0.0
FPT_train,open,15,0.0
FPT_train,open,16,0.0
FPT_train,open,17,0.0
FPT_train,open,18,0.0
FPT_train,open,19,0.0
FPT_train,open,20,0.0
FPT_train,open,21,0.0
FPT_train,open,22,0.0
FPT_train,open,23,0.0
FPT_train,open,24,0.0
FPT_train,open,25,0.0
FPT_train,open,26,0.0
FPT_train,open,27,0.0
FPT_train,open,28,0.0
FPT_train,open,29,0.0
FPT_train,open,30,0.0
FPT_train,high,1,7.1909490128721e-273
FPT_train,high,2,0.0
FPT_train,high,3,0.0
FPT_train,high,4,0.0
FPT_train,high,5,0.0
FPT_train,high,6,0.0
FPT_train,high,7,0.0
FPT_train,high,8,0.0
FPT_train,high,9,0.0
FPT_train,high,10,0.0
FPT_train,high,11,0.0
FPT_train,high,12,0.0
FPT_train,high,13,0.0
FPT_train,high,14,0.0
FPT_train,high,15,0.0
FPT_train,high,16,0.0
FPT_train,high,17,0.0
FPT_train,high,18,0.0
FPT_train,high,19,0.0
FPT_train,high,20,0.0
FPT_train,high,21,0.0
FPT_train,high,22,0.0
FPT_train,high,23,0.0
FPT_train,high,24,0.0
FPT_train,high,25,0.0
FPT_train,high,26,0.0
FPT_train,high,27,0.0
FPT_train,high,28,0.0
FPT_train,high,29,0.0
FPT_train,high,30,0.0
FPT_train,low,1,9.899370867218372e-273
FPT_train,low,2,0.0
FPT_train,low,3,0.0
FPT_train,low,4,0.0
FPT_train,low,5,0.0
FPT_train,low,6,0.0
FPT_train,low,7,0.0
FPT_train,low,8,0.0
FPT_train,low,9,0.0
FPT_train,low,10,0.0
FPT_train,low,11,0.0
FPT_train,low,12,0.0
FPT_train,low,13,0.0
FPT_train,low,14,0.0
FPT_train,low,15,0.0
FPT_train,low,16,0.0
FPT_train,low,17,0.0
FPT_train,low,18,0.0
FPT_train,low,19,0.0
FPT_train,low,20,0.0
FPT_train,low,21,0.0
FPT_train,low,22,0.0
FPT_train,low,23,0.0
FPT_train,low,24,0.0
FPT_train,low,25,0.0
FPT_train,low,26,0.0
FPT_train,low,27,0.0
FPT_train,low,28,0.0
FPT_train,low,29,0.0
FPT_train,low,30,0.0
FPT_train,close,1,9.43289756115953e-273
FPT_train,close,2,0.0
FPT_train,close,3,0.0
FPT_train,close,4,0.0
FPT_train,close,5,0.0
FPT_train,close,6,0.0
FPT_train,close,7,0.0
FPT_train,close,8,0.0
FPT_train,close,9,0.0
FPT_train,close,10,0.0
FPT_train,close,11,0.0
FPT_train,close,12,0.0
FPT_train,close,13,0.0
FPT_train,close,14,0.0
FPT_train,close,15,0.0
FPT_train,close,16,0.0
FPT_train,close,17,0.0
FPT_train,close,18,0.0
FPT_train,close,19,0.0
FPT_train,close,20,0.0
FPT_train,close,21,0.0
FPT_train,close,22,0.0
FPT_train,close,23,0.0
FPT_train,close,24,0.0
FPT_train,close,25,0.0
FPT_train,close,26,0.0
FPT_train,close,27,0.0
FPT_train,close,28,0.0
FPT_train,close,29,0.0
FPT_train,close,30,0.0
GAS_train,open,1,2.491736506732706e-269
GAS_train,open,2,0.0
GAS_train,open,3,0.0
GAS_train,open,4,0.0
GAS_train,open,5,0.0
GAS_train,open,6,0.0
GAS_train,open,7,0.0
GAS_train,open,8,0.0
GAS_train,open,9,0.0
GAS_train,open,10,0.0
GAS_train,open,11,0.0
GAS_train,open,12,0.0
GAS_train,open,13,0.0
GAS_train,open,14,0.0
GAS_train,open,15,0.0
GAS_train,open,16,0.0
GAS_train,open,17,0.0
GAS_train,open,18,0.0
GAS_train,open,19,0.0
GAS_train,open,20,0.0
GAS_train,open,21,0.0
GAS_train,open,22,0.0
GAS_train,open,23,0.0
GAS_train,open,24,0.0
GAS_train,open,25,0.0
GAS_train,open,26,0.0
GAS_train,open,27,0.0
GAS_train,open,28,0.0
GAS_train,open,29,0.0
GAS_train,open,30,0.0
GAS_train,high,1,3.2781400303422394e-271
GAS_train,high,2,0.0
GAS_train,high,3,0.0
GAS_train,high,4,0.0
GAS_train,high,5,0.0
GAS_train,high,6,0.0
GAS_train,high,7,0.0
GAS_train,high,8,0.0
GAS_train,high,9,0.0
GAS_train,high,10,0.0
GAS_train,high,11,0.0
GAS_train,high,12,0.0
GAS_train,high,13,0.0
GAS_train,high,14,0.0
GAS_train,high,15,0.0
GAS_train,high,16,0.0
GAS_train,high,17,0.0
GAS_train,high,18,0.0
GAS_train,high,19,0.0
GAS_train,high,20,0.0
GAS_train,high,21,0.0
GAS_train,high,22,0.0
GAS_train,high,23,0.0
GAS_train,high,24,0.0
GAS_train,high,25,0.0
GAS_train,high,26,0.0
GAS_train,high,27,0.0
GAS_train,high,28,0.0
GAS_train,high,29,0.0
GAS_train,high,30,0.0
GAS_train,low,1,2.1730648639459007e-270
GAS_train,low,2,0.0
GAS_train,low,3,0.0
GAS_train,low,4,0.0
GAS_train,low,5,0.0
GAS_train,low,6,0.0
GAS_train,low,7,0.0
GAS_train,low,8,0.0
GAS_train,low,9,0.0
GAS_train,low,10,0.0
GAS_train,low,11,0.0
GAS_train,low,12,0.0
GAS_train,low,13,0.0
GAS_train,low,14,0.0
GAS_train,low,15,0.0
GAS_train,low,16,0.0
GAS_train,low,17,0.0
GAS_train,low,18,0.0
GAS_train,low,19,0.0
GAS_train,low,20,0.0
GAS_train,low,21,0.0
GAS_train,low,22,0.0
GAS_train,low,23,0.0
GAS_train,low,24,0.0
GAS_train,low,25,0.0
GAS_train,low,26,0.0
GAS_train,low,27,0.0
GAS_train,low,28,0.0
GAS_train,low,29,0.0
GAS_train,low,30,0.0
GAS_train,close,1,4.906677766170158e-270
GAS_train,close,2,0.0
GAS_train,close,3,0.0
GAS_train,close,4,0.0
GAS_train,close,5,0.0
GAS_train,close,6,0.0
GAS_train,close,7,0.0
GAS_train,close,8,0.0
GAS_train,close,9,0.0
GAS_train,close,10,0.0
GAS_train,close,11,0.0
GAS_train,close,12,0.0
GAS_train,close,13,0.0
GAS_train,close,14,0.0
GAS_train,close,15,0.0
GAS_train,close,16,0.0
GAS_train,close,17,0.0
GAS_train,close,18,0.0
GAS_train,close,19,0.0
GAS_train,close,20,0.0
GAS_train,close,21,0.0
GAS_train,close,22,0.0
GAS_train,close,23,0.0
GAS_train,close,24,0.0
GAS_train,close,25,0.0
GAS_train,close,26,0.0
GAS_train,close,27,0.0
GAS_train,close,28,0.0
GAS_train,close,29,0.0
GAS_train,close,30,0.0
GVR_train,open,1,5.31601353815279e-271
GVR_train,open,2,0.0
GVR_train,open,3,0.0
GVR_train,open,4,0.0
GVR_train,open,5,0.0
GVR_train,open,6,0.0
GVR_train,open,7,0.0
GVR_train,open,8,0.0
GVR_train,open,9,0.0
GVR_train,open,10,0.0
GVR_train,open,11,0.0
GVR_train,open,12,0.0
GVR_train,open,13,0.0
GVR_train,open,14,0.0
GVR_train,open,15,0.0
GVR_train,open,16,0.0
GVR_train,open,17,0.0
GVR_train,open,18,0.0
GVR_train,open,19,0.0
GVR_train,open,20,0.0
GVR_train,open,21,0.0
GVR_train,open,22,0.0
GVR_train,open,23,0.0
GVR_train,open,24,0.0
GVR_train,open,25,0.0
GVR_train,open,26,0.0
GVR_train,open,27,0.0
GVR_train,open,28,0.0
GVR_train,open,29,0.0
GVR_train,open,30,0.0
GVR_train,high,1,1.4481751517833926e-271
GVR_train,high,2,0.0
GVR_train,high,3,0.0
GVR_train,high,4,0.0
GVR_train,high,5,0.0
GVR_train,high,6,0.0
GVR_train,high,7,0.0
GVR_train,high,8,0.0
GVR_train,high,9,0.0
GVR_train,high,10,0.0
GVR_train,high,11,0.0
GVR_train,high,12,0.0
GVR_train,high,13,0.0
GVR_train,high,14,0.0
GVR_train,high,15,0.0
GVR_train,high,16,0.0
GVR_train,high,17,0.0
GVR_train,high,18,0.0
GVR_train,high,19,0.0
GVR_train,high,20,0.0
GVR_train,high,21,0.0
GVR_train,high,22,0.0
GVR_train,high,23,0.0
GVR_train,high,24,0.0
GVR_train,high,25,0.0
GVR_train,high,26,0.0
GVR_train,high,27,0.0
GVR_train,high,28,0.0
GVR_train,high,29,0.0
GVR_train,high,30,0.0
GVR_train,low,1,2.1485049613999708e-271
GVR_train,low,2,0.0
GVR_train,low,3,0.0
GVR_train,low,4,0.0
GVR_train,low,5,0.0
GVR_train,low,6,0.0
GVR_train,low,7,0.0
GVR_train,low,8,0.0
GVR_train,low,9,0.0
GVR_train,low,10,0.0
GVR_train,low,11,0.0
GVR_train,low,12,0.0
GVR_train,low,13,0.0
GVR_train,low,14,0.0
GVR_train,low,15,0.0
GVR_train,low,16,0.0
GVR_train,low,17,0.0
GVR_train,low,18,0.0
GVR_train,low,19,0.0
GVR_train,low,20,0.0
GVR_train,low,21,0.0
GVR_train,low,22,0.0
GVR_train,low,23,0.0
GVR_train,low,24,0.0
GVR_train,low,25,0.0
GVR_train,low,26,0.0
GVR_train,low,27,0.0
GVR_train,low,28,0.0
GVR_train,low,29,0.0
GVR_train,low,30,0.0
GVR_train,close,1,1.9768407097111176e-271
GVR_train,close,2,0.0
GVR_train,close,3,0.0
GVR_train,close,4,0.0
GVR_train,close,5,0.0
GVR_train,close,6,0.0
GVR_train,close,7,0.0
GVR_train,close,8,0.0
GVR_train,close,9,0.0
GVR_train,close,10,0.0
GVR_train,close,11,0.0
GVR_train,close,12,0.0
GVR_train,close,13,0.0
GVR_train,close,14,0.0
GVR_train,close,15,0.0
GVR_train,close,16,0.0
GVR_train,close,17,0.0
GVR_train,close,18,0.0
GVR_train,close,19,0.0
GVR_train,close,20,0.0
GVR_train,close,21,0.0
GVR_train,close,22,0.0
GVR_train,close,23,0.0
GVR_train,close,24,0.0
GVR_train,close,25,0.0
GVR_train,close,26,0.0
GVR_train,close,27,0.0
GVR_train,close,28,0.0
GVR_train,close,29,0.0
GVR_train,close,30,0.0
HDB_train,open,1,3.380078634753736e-272
HDB_train,open,2,0.0
HDB_train,open,3,0.0
HDB_train,open,4,0.0
HDB_train,open,5,0.0
HDB_train,open,6,0.0
HDB_train,open,7,0.0
HDB_train,open,8,0.0
HDB_train,open,9,0.0
HDB_train,open,10,0.0
HDB_train,open,11,0.0
HDB_train,open,12,0.0
HDB_train,open,13,0.0
HDB_train,open,14,0.0
HDB_train,open,15,0.0
HDB_train,open,16,0.0
HDB_train,open,17,0.0
HDB_train,open,18,0.0
HDB_train,open,19,0.0
HDB_train,open,20,0.0
HDB_train,open,21,0.0
HDB_train,open,22,0.0
HDB_train,open,23,0.0
HDB_train,open,24,0.0
HDB_train,open,25,0.0
HDB_train,open,26,0.0
HDB_train,open,27,0.0
HDB_train,open,28,0.0
HDB_train,open,29,0.0
HDB_train,open,30,0.0
HDB_train,high,1,1.0517381341923603e-272
HDB_train,high,2,0.0
HDB_train,high,3,0.0
HDB_train,high,4,0.0
HDB_train,high,5,0.0
HDB_train,high,6,0.0
HDB_train,high,7,0.0
HDB_train,high,8,0.0
HDB_train,high,9,0.0
HDB_train,high,10,0.0
HDB_train,high,11,0.0
HDB_train,high,12,0.0
HDB_train,high,13,0.0
HDB_train,high,14,0.0
HDB_train,high,15,0.0
HDB_train,high,16,0.0
HDB_train,high,17,0.0
HDB_train,high,18,0.0
HDB_train,high,19,0.0
HDB_train,high,20,0.0
HDB_train,high,21,0.0
HDB_train,high,22,0.0
HDB_train,high,23,0.0
HDB_train,high,24,0.0
HDB_train,high,25,0.0
HDB_train,high,26,0.0
HDB_train,high,27,0.0
HDB_train,high,28,0.0
HDB_train,high,29,0.0
HDB_train,high,30,0.0
HDB_train,low,1,2.257295148119639e-272
HDB_train,low,2,0.0
HDB_train,low,3,0.0
HDB_train,low,4,0.0
HDB_train,low,5,0.0
HDB_train,low,6,0.0
HDB_train,low,7,0.0
HDB_train,low,8,0.0
HDB_train,low,9,0.0
HDB_train,low,10,0.0
HDB_train,low,11,0.0
HDB_train,low,12,0.0
HDB_train,low,13,0.0
HDB_train,low,14,0.0
HDB_train,low,15,0.0
HDB_train,low,16,0.0
HDB_train,low,17,0.0
HDB_train,low,18,0.0
HDB_train,low,19,0.0
HDB_train,low,20,0.0
HDB_train,low,21,0.0
HDB_train,low,22,0.0
HDB_train,low,23,0.0
HDB_train,low,24,0.0
HDB_train,low,25,0.0
HDB_train,low,26,0.0
HDB_train,low,27,0.0
HDB_train,low,28,0.0
HDB_train,low,29,0.0
HDB_train,low,30,0.0
HDB_train,close,1,2.9368323093801164e-272
HDB_train,close,2,0.0
HDB_train,close,3,0.0
HDB_train,close,4,0.0
HDB_train,close,5,0.0
HDB_train,close,6,0.0
HDB_train,close,7,0.0
HDB_train,close,8,0.0
HDB_train,close,9,0.0
HDB_train,close,10,0.0
HDB_train,close,11,0.0
HDB_train,close,12,0.0
HDB_train,close,13,0.0
HDB_train,close,14,0.0
HDB_train,close,15,0.0
HDB_train,close,16,0.0
HDB_train,close,17,0.0
HDB_train,close,18,0.0
HDB_train,close,19,0.0
HDB_train,close,20,0.0
HDB_train,close,21,0.0
HDB_train,close,22,0.0
HDB_train,close,23,0.0
HDB_train,close,24,0.0
HDB_train,close,25,0.0
HDB_train,close,26,0.0
HDB_train,close,27,0.0
HDB_train,close,28,0.0
HDB_train,close,29,0.0
HDB_train,close,30,0.0
HPG_train,open,1,2.8741349064119363e-273
HPG_train,open,2,0.0
HPG_train,open,3,0.0
HPG_train,open,4,0.0
HPG_train,open,5,0.0
HPG_train,open,6,0.0
HPG_train,open,7,0.0
HPG_train,open,8,0.0
HPG_train,open,9,0.0
HPG_train,open,10,0.0
HPG_train,open,11,0.0
HPG_train,open,12,0.0
HPG_train,open,13,0.0
HPG_train,open,14,0.0
HPG_train,open,15,0.0
HPG_train,open,16,0.0
HPG_train,open,17,0.0
HPG_train,open,18,0.0
HPG_train,open,19,0.0
HPG_train,open,20,0.0
HPG_train,open,21,0.0
HPG_train,open,22,0.0
HPG_train,open,23,0.0
HPG_train,open,24,0.0
HPG_train,open,25,0.0
HPG_train,open,26,0.0
HPG_train,open,27,0.0
HPG_train,open,28,0.0
HPG_train,open,29,0.0
HPG_train,open,30,0.0
HPG_train,high,1,1.487348334815716e-273
HPG_train,high,2,0.0
HPG_train,high,3,0.0
HPG_train,high,4,0.0
HPG_train,high,5,0.0
HPG_train,high,6,0.0
HPG_train,high,7,0.0
HPG_train,high,8,0.0
HPG_train,high,9,0.0
HPG_train,high,10,0.0
HPG_train,high,11,0.0
HPG_train,high,12,0.0
HPG_train,high,13,0.0
HPG_train,high,14,0.0
HPG_train,high,15,0.0
HPG_train,high,16,0.0
HPG_train,high,17,0.0
HPG_train,high,18,0.0
HPG_train,high,19,0.0
HPG_train,high,20,0.0
HPG_train,high,21,0.0
HPG_train,high,22,0.0
HPG_train,high,23,0.0
HPG_train,high,24,0.0
HPG_train,high,25,0.0
HPG_train,high,26,0.0
HPG_train,high,27,0.0
HPG_train,high,28,0.0
HPG_train,high,29,0.0
HPG_train,high,30,0.0
HPG_train,low,1,2.144894440960792e-273
HPG_train,low,2,0.0
HPG_train,low,3,0.0
HPG_train,low,4,0.0
HPG_train,low,5,0.0
HPG_train,low,6,0.0
HPG_train,low,7,0.0
HPG_train,low,8,0.0
HPG_train,low,9,0.0
HPG_train,low,10,0.0
HPG_train,low,11,0.0
HPG_train,low,12,0.0
HPG_train,low,13,0.0
HPG_train,low,14,0.0
HPG_train,low,15,0.0
HPG_train,low,16,0.0
HPG_train,low,17,0.0
HPG_train,low,18,0.0
HPG_train,low,19,0.0
HPG_train,low,20,0.0
HPG_train,low,21,0.0
HPG_train,low,22,0.0
HPG_train,low,23,0.0
HPG_train,low,24,0.0
HPG_train,low,25,0.0
HPG_train,low,26,0.0
HPG_train,low,27,0.0
HPG_train,low,28,0.0
HPG_train,low,29,0.0
HPG_train,low,30,0.0
HPG_train,close,1,2.4669235013516915e-273
HPG_train,close,2,0.0
HPG_train,close,3,0.0
HPG_train,close,4,0.0
HPG_train,close,5,0.0
HPG_train,close,6,0.0
HPG_train,close,7,0.0
HPG_train,close,8,0.0
HPG_train,close,9,0.0
HPG_train,close,10,0.0
HPG_train,close,11,0.0
HPG_train,close,12,0.0
HPG_train,close,13,0.0
HPG_train,close,14,0.0
HPG_train,close,15,0.0
HPG_train,close,16,0.0
HPG_train,close,17,0.0
HPG_train,close,18,0.0
HPG_train,close,19,0.0
HPG_train,close,20,0.0
HPG_train,close,21,0.0
HPG_train,close,22,0.0
HPG_train,close,23,0.0
HPG_train,close,24,0.0
HPG_train,close,25,0.0
HPG_train,close,26,0.0
HPG_train,close,27,0.0
HPG_train,close,28,0.0
HPG_train,close,29,0.0
HPG_train,close,30,0.0
LPB_train,open,1,2.4764696904081094e-270
LPB_train,open,2,0.0
LPB_train,open,3,0.0
LPB_train,open,4,0.0
LPB_train,open,5,0.0
LPB_train,open,6,0.0
LPB_train,open,7,0.0
LPB_train,open,8,0.0
LPB_train,open,9,0.0
LPB_train,open,10,0.0
LPB_train,open,11,0.0
LPB_train,open,12,0.0
LPB_train,open,13,0.0
LPB_train,open,14,0.0
LPB_train,open,15,0.0
LPB_train,open,16,0.0
LPB_train,open,17,0.0
LPB_train,open,18,0.0
LPB_train,open,19,0.0
LPB_train,open,20,0.0
LPB_train,open,21,0.0
LPB_train,open,22,0.0
LPB_train,open,23,0.0
LPB_train,open,24,0.0
LPB_train,open,25,0.0
LPB_train,open,26,0.0
LPB_train,open,27,0.0
LPB_train,open,28,0.0
LPB_train,open,29,0.0
LPB_train,open,30,0.0
LPB_train,high,1,8.433409345325034e-271
LPB_train,high,2,0.0
LPB_train,high,3,0.0
LPB_train,high,4,0.0
LPB_train,high,5,0.0
LPB_train,high,6,0.0
LPB_train,high,7,0.0
LPB_train,high,8,0.0
LPB_train,high,9,0.0
LPB_train,high,10,0.0
LPB_train,high,11,0.0
LPB_train,high,12,0.0
LPB_train,high,13,0.0
LPB_train,high,14,0.0
LPB_train,high,15,0.0
LPB_train,high,16,0.0
LPB_train,high,17,0.0
LPB_train,high,18,0.0
LPB_train,high,19,0.0
LPB_train,high,20,0.0
LPB_train,high,21,0.0
LPB_train,high,22,0.0
LPB_train,high,23,0.0
LPB_train,high,24,0.0
LPB_train,high,25,0.0
LPB_train,high,26,0.0
LPB_train,high,27,0.0
LPB_train,high,28,0.0
LPB_train,high,29,0.0
LPB_train,high,30,0.0
LPB_train,low,1,1.534206190498051e-270
LPB_train,low,2,0.0
LPB_train,low,3,0.0
LPB_train,low,4,0.0
LPB_train,low,5,0.0
LPB_train,low,6,0.0
LPB_train,low,7,0.0
LPB_train,low,8,0.0
LPB_train,low,9,0.0
LPB_train,low,10,0.0
LPB_train,low,11,0.0
LPB_train,low,12,0.0
LPB_train,low,13,0.0
LPB_train,low,14,0.0
LPB_train,low,15,0.0
LPB_train,low,16,0.0
LPB_train,low,17,0.0
LPB_train,low,18,0.0
LPB_train,low,19,0.0
LPB_train,low,20,0.0
LPB_train,low,21,0.0
LPB_train,low,22,0.0
LPB_train,low,23,0.0
LPB_train,low,24,0.0
LPB_train,low,25,0.0
LPB_train,low,26,0.0
LPB_train,low,27,0.0
LPB_train,low,28,0.0
LPB_train,low,29,0.0
LPB_train,low,30,0.0
LPB_train,close,1,1.3246354318830773e-270
LPB_train,close,2,0.0
LPB_train,close,3,0.0
LPB_train,close,4,0.0
LPB_train,close,5,0.0
LPB_train,close,6,0.0
LPB_train,close,7,0.0
LPB_train,close,8,0.0
LPB_train,close,9,0.0
LPB_train,close,10,0.0
LPB_train,close,11,0.0
LPB_train,close,12,0.0
LPB_train,close,13,0.0
LPB_train,close,14,0.0
LPB_train,close,15,0.0
LPB_train,close,16,0.0
LPB_train,close,17,0.0
LPB_train,close,18,0.0
LPB_train,close,19,0.0
LPB_train,close,20,0.0
LPB_train,close,21,0.0
LPB_train,close,22,0.0
LPB_train,close,23,0.0
LPB_train,close,24,0.0
LPB_train,close,25,0.0
LPB_train,close,26,0.0
LPB_train,close,27,0.0
LPB_train,close,28,0.0
LPB_train,close,29,0.0
LPB_train,close,30,0.0
MBB_train,open,1,9.829586991846804e-273
MBB_train,open,2,0.0
MBB_train,open,3,0.0
MBB_train,open,4,0.0
MBB_train,open,5,0.0
MBB_train,open,6,0.0
MBB_train,open,7,0.0
MBB_train,open,8,0.0
MBB_train,open,9,0.0
MBB_train,open,10,0.0
MBB_train,open,11,0.0
MBB_train,open,12,0.0
MBB_train,open,13,0.0
MBB_train,open,14,0.0
MBB_train,open,15,0.0
MBB_train,open,16,0.0
MBB_train,open,17,0.0
MBB_train,open,18,0.0
MBB_train,open,19,0.0
MBB_train,open,20,0.0
MBB_train,open,21,0.0
MBB_train,open,22,0.0
MBB_train,open,23,0.0
MBB_train,open,24,0.0
MBB_train,open,25,0.0
MBB_train,open,26,0.0
MBB_train,open,27,0.0
MBB_train,open,28,0.0
MBB_train,open,29,0.0
MBB_train,open,30,0.0
MBB_train,high,1,3.6643991902524755e-273
MBB_train,high,2,0.0
MBB_train,high,3,0.0
MBB_train,high,4,0.0
MBB_train,high,5,0.0
MBB_train,high,6,0.0
MBB_train,high,7,0.0
MBB_train,high,8,0.0
MBB_train,high,9,0.0
MBB_train,high,10,0.0
MBB_train,high,11,0.0
MBB_train,high,12,0.0
MBB_train,high,13,0.0
MBB_train,high,14,0.0
MBB_train,high,15,0.0
MBB_train,high,16,0.0
MBB_train,high,17,0.0
MBB_train,high,18,0.0
MBB_train,high,19,0.0
MBB_train,high,20,0.0
MBB_train,high,21,0.0
MBB_train,high,22,0.0
MBB_train,high,23,0.0
MBB_train,high,24,0.0
MBB_train,high,25,0.0
MBB_train,high,26,0.0
MBB_train,high,27,0.0
MBB_train,high,28,0.0
MBB_train,high,29,0.0
MBB_train,high,30,0.0
MBB_train,low,1,7.839356886263899e-273
MBB_train,low,2,0.0
MBB_train,low,3,0.0
MBB_train,low,4,0.0
MBB_train,low,5,0.0
MBB_train,low,6,0.0
MBB_train,low,7,0.0
MBB_train,low,8,0.0
MBB_train,low,9,0.0
MBB_train,low,10,0.0
MBB_train,low,11,0.0
MBB_train,low,12,0.0
MBB_train,low,13,0.0
MBB_train,low,14,0.0
MBB_train,low,15,0.0
MBB_train,low,16,0.0
MBB_train,low,17,0.0
MBB_train,low,18,0.0
MBB_train,low,19,0.0
MBB_train,low,20,0.0
MBB_train,low,21,0.0
MBB_train,low,22,0.0
MBB_train,low,23,0.0
MBB_train,low,24,0.0
MBB_train,low,25,0.0
MBB_train,low,26,0.0
MBB_train,low,27,0.0
MBB_train,low,28,0.0
MBB_train,low,29,0.0
MBB_train,low,30,0.0
MBB_train,close,1,7.113266449615858e-273
MBB_train,close,2,0.0
MBB_train,close,3,0.0
MBB_train,close,4,0.0
MBB_train,close,5,0.0
MBB_train,close,6,0.0
MBB_train,close,7,0.0
MBB_train,close,8,0.0
MBB_train,close,9,0.0
MBB_train,close,10,0.0
MBB_train,close,11,0.0
MBB_train,close,12,0.0
MBB_train,close,13,0.0
MBB_train,close,14,0.0
MBB_train,close,15,0.0
MBB_train,close,16,0.0
MBB_train,close,17,0.0
MBB_train,close,18,0.0
MBB_train,close,19,0.0
MBB_train,close,20,0.0
MBB_train,close,21,0.0
MBB_train,close,22,0.0
MBB_train,close,23,0.0
MBB_train,close,24,0.0
MBB_train,close,25,0.0
MBB_train,close,26,0.0
MBB_train,close,27,0.0
MBB_train,close,28,0.0
MBB_train,close,29,0.0
MBB_train,close,30,0.0
MSN_train,open,1,1.611698129801703e-272
MSN_train,open,2,0.0
MSN_train,open,3,0.0
MSN_train,open,4,0.0
MSN_train,open,5,0.0
MSN_train,open,6,0.0
MSN_train,open,7,0.0
MSN_train,open,8,0.0
MSN_train,open,9,0.0
MSN_train,open,10,0.0
MSN_train,open,11,0.0
MSN_train,open,12,0.0
MSN_train,open,13,0.0
MSN_train,open,14,0.0
MSN_train,open,15,0.0
MSN_train,open,16,0.0
MSN_train,open,17,0.0
MSN_train,open,18,0.0
MSN_train,open,19,0.0
MSN_train,open,20,0.0
MSN_train,open,21,0.0
MSN_train,open,22,0.0
MSN_train,open,23,0.0
MSN_train,open,24,0.0
MSN_train,open,25,0.0
MSN_train,open,26,0.0
MSN_train,open,27,0.0
MSN_train,open,28,0.0
MSN_train,open,29,0.0
MSN_train,open,30,0.0
MSN_train,high,1,3.3910986594325004e-273
MSN_train,high,2,0.0
MSN_train,high,3,0.0
MSN_train,high,4,0.0
MSN_train,high,5,0.0
MSN_train,high,6,0.0
MSN_train,high,7,0.0
MSN_train,high,8,0.0
MSN_train,high,9,0.0
MSN_train,high,10,0.0
MSN_train,high,11,0.0
MSN_train,high,12,0.0
MSN_train,high,13,0.0
MSN_train,high,14,0.0
MSN_train,high,15,0.0
MSN_train,high,16,0.0
MSN_train,high,17,0.0
MSN_train,high,18,0.0
MSN_train,high,19,0.0
MSN_train,high,20,0.0
MSN_train,high,21,0.0
MSN_train,high,22,0.0
MSN_train,high,23,0.0
MSN_train,high,24,0.0
MSN_train,high,25,0.0
MSN_train,high,26,0.0
MSN_train,high,27,0.0
MSN_train,high,28,0.0
MSN_train,high,29,0.0
MSN_train,high,30,0.0
MSN_train,low,1,7.192259230839548e-273
MSN_train,low,2,0.0
MSN_train,low,3,0.0
MSN_train,low,4,0.0
MSN_train,low,5,0.0
MSN_train,low,6,0.0
MSN_train,low,7,0.0
MSN_train,low,8,0.0
MSN_train,low,9,0.0
MSN_train,low,10,0.0
MSN_train,low,11,0.0
MSN_train,low,12,0.0
MSN_train,low,13,0.0
MSN_train,low,14,0.0
MSN_train,low,15,0.0
MSN_train,low,16,0.0
MSN_train,low,17,0.0
MSN_train,low,18,0.0
MSN_train,low,19,0.0
MSN_train,low,20,0.0
MSN_train,low,21,0.0
MSN_train,low,22,0.0
MSN_train,low,23,0.0
MSN_train,low,24,0.0
MSN_train,low,25,0.0
MSN_train,low,26,0.0
MSN_train,low,27,0.0
MSN_train,low,28,0.0
MSN_train,low,29,0.0
MSN_train,low,30,0.0
MSN_train,close,1,1.0453905429171329e-272
MSN_train,close,2,0.0
MSN_train,close,3,0.0
MSN_train,close,4,0.0
MSN_train,close,5,0.0
MSN_train,close,6,0.0
MSN_train,close,7,0.0
MSN_train,close,8,0.0
MSN_train,close,9,0.0
MSN_train,close,10,0.0
MSN_train,close,11,0.0
MSN_train,close,12,0.0
MSN_train,close,13,0.0
MSN_train,close,14,0.0
MSN_train,close,15,0.0
MSN_train,close,16,0.0
MSN_train,close,17,0.0
MSN_train,close,18,0.0
MSN_train,close,19,0.0
MSN_train,close,20,0.0
MSN_train,close,21,0.0
MSN_train,close,22,0.0
MSN_train,close,23,0.0
MSN_train,close,24,0.0
MSN_train,close,25,0.0
MSN_train,close,26,0.0
MSN_train,close,27,0.0
MSN_train,close,28,0.0
MSN_train,close,29,0.0
MSN_train,close,30,0.0
MWG_train,open,1,1.8805478502345344e-272
MWG_train,open,2,0.0
MWG_train,open,3,0.0
MWG_train,open,4,0.0
MWG_train,open,5,0.0
MWG_train,open,6,0.0
MWG_train,open,7,0.0
MWG_train,open,8,0.0
MWG_train,open,9,0.0
MWG_train,open,10,0.0
MWG_train,open,11,0.0
MWG_train,open,12,0.0
MWG_train,open,13,0.0
MWG_train,open,14,0.0
MWG_train,open,15,0.0
MWG_train,open,16,0.0
MWG_train,open,17,0.0
MWG_train,open,18,0.0
MWG_train,open,19,0.0
MWG_train,open,20,0.0
MWG_train,open,21,0.0
MWG_train,open,22,0.0
MWG_train,open,23,0.0
MWG_train,open,24,0.0
MWG_train,open,25,0.0
MWG_train,open,26,0.0
MWG_train,open,27,0.0
MWG_train,open,28,0.0
MWG_train,open,29,0.0
MWG_train,open,30,0.0
MWG_train,high,1,4.9826628575673995e-273
MWG_train,high,2,0.0
MWG_train,high,3,0.0
MWG_train,high,4,0.0
MWG_train,high,5,0.0
MWG_train,high,6,0.0
MWG_train,high,7,0.0
MWG_train,high,8,0.0
MWG_train,high,9,0.0
MWG_train,high,10,0.0
MWG_train,high,11,0.0
MWG_train,high,12,0.0
MWG_train,high,13,0.0
MWG_train,high,14,0.0
MWG_train,high,15,0.0
MWG_train,high,16,0.0
MWG_train,high,17,0.0
MWG_train,high,18,0.0
MWG_train,high,19,0.0
MWG_train,high,20,0.0
MWG_train,high,21,0.0
MWG_train,high,22,0.0
MWG_train,high,23,0.0
MWG_train,high,24,0.0
MWG_train,high,25,0.0
MWG_train,high,26,0.0
MWG_train,high,27,0.0
MWG_train,high,28,0.0
MWG_train,high,29,0.0
MWG_train,high,30,0.0
MWG_train,low,1,1.164725216789043e-272
MWG_train,low,2,0.0
MWG_train,low,3,0.0
MWG_train,low,4,0.0
MWG_train,low,5,0.0
MWG_train,low,6,0.0
MWG_train,low,7,0.0
MWG_train,low,8,0.0
MWG_train,low,9,0.0
MWG_train,low,10,0.0
MWG_train,low,11,0.0
MWG_train,low,12,0.0
MWG_train,low,13,0.0
MWG_train,low,14,0.0
MWG_train,low,15,0.0
MWG_train,low,16,0.0
MWG_train,low,17,0.0
MWG_train,low,18,0.0
MWG_train,low,19,0.0
MWG_train,low,20,0.0
MWG_train,low,21,0.0
MWG_train,low,22,0.0
MWG_train,low,23,0.0
MWG_train,low,24,0.0
MWG_train,low,25,0.0
MWG_train,low,26,0.0
MWG_train,low,27,0.0
MWG_train,low,28,0.0
MWG_train,low,29,0.0
MWG_train,low,30,0.0
MWG_train,close,1,1.197949175665827e-272
MWG_train,close,2,0.0
MWG_train,close,3,0.0
MWG_train,close,4,0.0
MWG_train,close,5,0.0
MWG_train,close,6,0.0
MWG_train,close,7,0.0
MWG_train,close,8,0.0
MWG_train,close,9,0.0
MWG_train,close,10,0.0
MWG_train,close,11,0.0
MWG_train,close,12,0.0
MWG_train,close,13,0.0
MWG_train,close,14,0.0
MWG_train,close,15,0.0
MWG_train,close,16,0.0
MWG_train,close,17,0.0
MWG_train,close,18,0.0
MWG_train,close,19,0.0
MWG_train,close,20,0.0
MWG_train,close,21,0.0
MWG_train,close,22,0.0
MWG_train,close,23,0.0
MWG_train,close,24,0.0
MWG_train,close,25,0.0
MWG_train,close,26,0.0
MWG_train,close,27,0.0
MWG_train,close,28,0.0
MWG_train,close,29,0.0
MWG_train,close,30,0.0
PLX_train,open,1,9.277097912574421e-270
PLX_train,open,2,0.0
PLX_train,open,3,0.0
PLX_train,open,4,0.0
PLX_train,open,5,0.0
PLX_train,open,6,0.0
PLX_train,open,7,0.0
PLX_train,open,8,0.0
PLX_train,open,9,0.0
PLX_train,open,10,0.0
PLX_train,open,11,0.0
PLX_train,open,12,0.0
PLX_train,open,13,0.0
PLX_train,open,14,0.0
PLX_train,open,15,0.0
PLX_train,open,16,0.0
PLX_train,open,17,0.0
PLX_train,open,18,0.0
PLX_train,open,19,0.0
PLX_train,open,20,0.0
PLX_train,open,21,0.0
PLX_train,open,22,0.0
PLX_train,open,23,0.0
PLX_train,open,24,0.0
PLX_train,open,25,0.0
PLX_train,open,26,0.0
PLX_train,open,27,0.0
PLX_train,open,28,0.0
PLX_train,open,29,0.0
PLX_train,open,30,0.0
PLX_train,high,1,3.2104612798514903e-271
PLX_train,high,2,0.0
PLX_train,high,3,0.0
PLX_train,high,4,0.0
PLX_train,high,5,0.0
PLX_train,high,6,0.0
PLX_train,high,7,0.0
PLX_train,high,8,0.0
PLX_train,high,9,0.0
PLX_train,high,10,0.0
PLX_train,high,11,0.0
PLX_train,high,12,0.0
PLX_train,high,13,0.0
PLX_train,high,14,0.0
PLX_train,high,15,0.0
PLX_train,high,16,0.0
PLX_train,high,17,0.0
PLX_train,high,18,0.0
PLX_train,high,19,0.0
PLX_train,high,20,0.0
PLX_train,high,21,0.0
PLX_train,high,22,0.0
PLX_train,high,23,0.0
PLX_train,high,24,0.0
PLX_train,high,25,0.0
PLX_train,high,26,0.0
PLX_train,high,27,0.0
PLX_train,high,28,0.0
PLX_train,high,29,0.0
PLX_train,high,30,0.0
PLX_train,low,1,8.10211430693655e-271
PLX_train,low,2,0.0
PLX_train,low,3,0.0
PLX_train,low,4,0.0
PLX_train,low,5,0.0
PLX_train,low,6,0.0
PLX_train,low,7,0.0
PLX_train,low,8,0.0
PLX_train,low,9,0.0
PLX_train,low,10,0.0
PLX_train,low,11,0.0
PLX_train,low,12,0.0
PLX_train,low,13,0.0
PLX_train,low,14,0.0
PLX_train,low,15,0.0
PLX_train,low,16,0.0
PLX_train,low,17,0.0
PLX_train,low,18,0.0
PLX_train,low,19,0.0
PLX_train,low,20,0.0
PLX_train,low,21,0.0
PLX_train,low,22,0.0
PLX_train,low,23,0.0
PLX_train,low,24,0.0
PLX_train,low,25,0.0
PLX_train,low,26,0.0
PLX_train,low,27,0.0
PLX_train,low,28,0.0
PLX_train,low,29,0.0
PLX_train,low,30,0.0
PLX_train,close,1,1.0034729151469144e-270
PLX_train,close,2,0.0
PLX_train,close,3,0.0
PLX_train,close,4,0.0
PLX_train,close,5,0.0
PLX_train,close,6,0.0
PLX_train,close,7,0.0
PLX_train,close,8,0.0
PLX_train,close,9,0.0
PLX_train,close,10,0.0
PLX_train,close,11,0.0
PLX_train,close,12,0.0
PLX_train,close,13,0.0
PLX_train,close,14,0.0
PLX_train,close,15,0.0
PLX_train,close,16,0.0
PLX_train,close,17,0.0
PLX_train,close,18,0.0
PLX_train,close,19,0.0
PLX_train,close,20,0.0
PLX_train,close,21,0.0
PLX_train,close,22,0.0
PLX_train,close,23,0.0
PLX_train,close,24,0.0
PLX_train,close,25,0.0
PLX_train,close,26,0.0
PLX_train,close,27,0.0
PLX_train,close,28,0.0
PLX_train,close,29,0.0
PLX_train,close,30,0.0
SAB_train,open,1,2.2631551993138515e-270
SAB_train,open,2,0.0
SAB_train,open,3,0.0
SAB_train,open,4,0.0
SAB_train,open,5,0.0
SAB_train,open,6,0.0
SAB_train,open,7,0.0
SAB_train,open,8,0.0
SAB_train,open,9,0.0
SAB_train,open,10,0.0
SAB_train,open,11,0.0
SAB_train,open,12,0.0
SAB_train,open,13,0.0
SAB_train,open,14,0.0
SAB_train,open,15,0.0
SAB_train,open,16,0.0
SAB_train,open,17,0.0
SAB_train,open,18,0.0
SAB_train,open,19,0.0
SAB_train,open,20,0.0
SAB_train,open,21,0.0
SAB_train,open,22,0.0
SAB_train,open,23,0.0
SAB_train,open,24,0.0
SAB_train,open,25,0.0
SAB_train,open,26,0.0
SAB_train,open,27,0.0
SAB_train,open,28,0.0
SAB_train,open,29,0.0
SAB_train,open,30,0.0
SAB_train,high,1,3.202407589639207e-271
SAB_train,high,2,0.0
SAB_train,high,3,0.0
SAB_train,high,4,0.0
SAB_train,high,5,0.0
SAB_train,high,6,0.0
SAB_train,high,7,0.0
SAB_train,high,8,0.0
SAB_train,high,9,0.0
SAB_train,high,10,0.0
SAB_train,high,11,0.0
SAB_train,high,12,0.0
SAB_train,high,13,0.0
SAB_train,high,14,0.0
SAB_train,high,15,0.0
SAB_train,high,16,0.0
SAB_train,high,17,0.0
SAB_train,high,18,0.0
SAB_train,high,19,0.0
SAB_train,high,20,0.0
SAB_train,high,21,0.0
SAB_train,high,22,0.0
SAB_train,high,23,0.0
SAB_train,high,24,0.0
SAB_train,high,25,0.0
SAB_train,high,26,0.0
SAB_train,high,27,0.0
SAB_train,high,28,0.0
SAB_train,high,29,0.0
SAB_train,high,30,0.0
SAB_train,low,1,4.462160870271544e-271
SAB_train,low,2,0.0
SAB_train,low,3,0.0
SAB_train,low,4,0.0
SAB_train,low,5,0.0
SAB_train,low,6,0.0
SAB_train,low,7,0.0
SAB_train,low,8,0.0
SAB_train,low,9,0.0
SAB_train,low,10,0.0
SAB_train,low,11,0.0
SAB_train,low,12,0.0
SAB_train,low,13,0.0
SAB_train,low,14,0.0
SAB_train,low,15,0.0
SAB_train,low,16,0.0
SAB_train,low,17,0.0
SAB_train,low,18,0.0
SAB_train,low,19,0.0
SAB_train,low,20,0.0
SAB_train,low,21,0.0
SAB_train,low,22,0.0
SAB_train,low,23,0.0
SAB_train,low,24,0.0
SAB_train,low,25,0.0
SAB_train,low,26,0.0
SAB_train,low,27,0.0
SAB_train,low,28,0.0
SAB_train,low,29,0.0
SAB_train,low,30,0.0
SAB_train,close,1,2.675487580081366e-271
SAB_train,close,2,0.0
SAB_train,close,3,0.0
SAB_train,close,4,0.0
SAB_train,close,5,0.0
SAB_train,close,6,0.0
SAB_train,close,7,0.0
SAB_train,close,8,0.0
SAB_train,close,9,0.0
SAB_train,close,10,0.0
SAB_train,close,11,0.0
SAB_train,close,12,0.0
SAB_train,close,13,0.0
SAB_train,close,14,0.0
SAB_train,close,15,0.0
SAB_train,close,16,0.0
SAB_train,close,17,0.0
SAB_train,close,18,0.0
SAB_train,close,19,0.0
SAB_train,close,20,0.0
SAB_train,close,21,0.0
SAB_train,close,22,0.0
SAB_train,close,23,0.0
SAB_train,close,24,0.0
SAB_train,close,25,0.0
SAB_train,close,26,0.0
SAB_train,close,27,0.0
SAB_train,close,28,0.0
SAB_train,close,29,0.0
SAB_train,close,30,0.0
SHB_train,open,1,6.346594921866797e-272
SHB_train,open,2,0.0
SHB_train,open,3,0.0
SHB_train,open,4,0.0
SHB_train,open,5,0.0
SHB_train,open,6,0.0
SHB_train,open,7,0.0
SHB_train,open,8,0.0
SHB_train,open,9,0.0
SHB_train,open,10,0.0
SHB_train,open,11,0.0
SHB_train,open,12,0.0
SHB_train,open,13,0.0
SHB_train,open,14,0.0
SHB_train,open,15,0.0
SHB_train,open,16,0.0
SHB_train,open,17,0.0
SHB_train,open,18,0.0
SHB_train,open,19,0.0
SHB_train,open,20,0.0
SHB_train,open,21,0.0
SHB_train,open,22,0.0
SHB_train,open,23,0.0
SHB_train,open,24,0.0
SHB_train,open,25,0.0
SHB_train,open,26,0.0
SHB_train,open,27,0.0
SHB_train,open,28,0.0
SHB_train,open,29,0.0
SHB_train,open,30,0.0
SHB_train,high,1,2.5413642487035313e-272
SHB_train,high,2,0.0
SHB_train,high,3,0.0
SHB_train,high,4,0.0
SHB_train,high,5,0.0
SHB_train,high,6,0.0
SHB_train,high,7,0.0
SHB_train,high,8,0.0
SHB_train,high,9,0.0
SHB_train,high,10,0.0
SHB_train,high,11,0.0
SHB_train,high,12,0.0
SHB_train,high,13,0.0
SHB_train,high,14,0.0
SHB_train,high,15,0.0
SHB_train,high,16,0.0
SHB_train,high,17,0.0
SHB_train,high,18,0.0
SHB_train,high,19,0.0
SHB_train,high,20,0.0
SHB_train,high,21,0.0
SHB_train,high,22,0.0
SHB_train,high,23,0.0
SHB_train,high,24,0.0
SHB_train,high,25,0.0
SHB_train,high,26,0.0
SHB_train,high,27,0.0
SHB_train,high,28,0.0
SHB_train,high,29,0.0
SHB_train,high,30,0.0
SHB_train,low,1,3.601710582249942e-272
SHB_train,low,2,0.0
SHB_train,low,3,0.0
SHB_train,low,4,0.0
SHB_train,low,5,0.0
SHB_train,low,6,0.0
SHB_train,low,7,0.0
SHB_train,low,8,0.0
SHB_train,low,9,0.0
SHB_train,low,10,0.0
SHB_train,low,11,0.0
SHB_train,low,12,0.0
SHB_train,low,13,0.0
SHB_train,low,14,0.0
SHB_train,low,15,0.0
SHB_train,low,16,0.0
SHB_train,low,17,0.0
SHB_train,low,18,0.0
SHB_train,low,19,0.0
SHB_train,low,20,0.0
SHB_train,low,21,0.0
SHB_train,low,22,0.0
SHB_train,low,23,0.0
SHB_train,low,24,0.0
SHB_train,low,25,0.0
SHB_train,low,26,0.0
SHB_train,low,27,0.0
SHB_train,low,28,0.0
SHB_train,low,29,0.0
SHB_train,low,30,0.0
SHB_train,close,1,3.118991271538308e-272
SHB_train,close,2,0.0
SHB_train,close,3,0.0
SHB_train,close,4,0.0
SHB_train,close,5,0.0
SHB_train,close,6,0.0
SHB_train,close,7,0.0
SHB_train,close,8,0.0
SHB_train,close,9,0.0
SHB_train,close,10,0.0
SHB_train,close,11,0.0
SHB_train,close,12,0.0
SHB_train,close,13,0.0
SHB_train,close,14,0.0
SHB_train,close,15,0.0
SHB_train,close,16,0.0
SHB_train,close,17,0.0
SHB_train,close,18,0.0
SHB_train,close,19,0.0
SHB_train,close,20,0.0
SHB_train,close,21,0.0
SHB_train,close,22,0.0
SHB_train,close,23,0.0
SHB_train,close,24,0.0
SHB_train,close,25,0.0
SHB_train,close,26,0.0
SHB_train,close,27,0.0
SHB_train,close,28,0.0
SHB_train,close,29,0.0
SHB_train,close,30,0.0
SSB_train,open,1,1.9565859233486643e-146
SSB_train,open,2,1.047655312246786e-282
SSB_train,open,3,0.0
SSB_train,open,4,0.0
SSB_train,open,5,0.0
SSB_train,open,6,0.0
SSB_train,open,7,0.0
SSB_train,open,8,0.0
SSB_train,open,9,0.0
SSB_train,open,10,0.0
SSB_train,open,11,0.0
SSB_train,open,12,0.0
SSB_train,open,13,0.0
SSB_train,open,14,0.0
SSB_train,open,15,0.0
SSB_train,open,16,0.0
SSB_train,open,17,0.0
SSB_train,open,18,0.0
SSB_train,open,19,0.0
SSB_train,open,20,0.0
SSB_train,open,21,0.0
SSB_train,open,22,0.0
SSB_train,open,23,0.0
SSB_train,open,24,0.0
SSB_train,open,25,0.0
SSB_train,open,26,0.0
SSB_train,open,27,0.0
SSB_train,open,28,0.0
SSB_train,open,29,0.0
SSB_train,open,30,0.0
SSB_train,high,1,1.1736374939241008e-147
SSB_train,high,2,3.0799223087337092e-285
SSB_train,high,3,0.0
SSB_train,high,4,0.0
SSB_train,high,5,0.0
SSB_train,high,6,0.0
SSB_train,high,7,0.0
SSB_train,high,8,0.0
SSB_train,high,9,0.0
SSB_train,high,10,0.0
SSB_train,high,11,0.0
SSB_train,high,12,0.0
SSB_train,high,13,0.0
SSB_train,high,14,0.0
SSB_train,high,15,0.0
SSB_train,high,16,0.0
SSB_train,high,17,0.0
SSB_train,high,18,0.0
SSB_train,high,19,0.0
SSB_train,high,20,0.0
SSB_train,high,21,0.0
SSB_train,high,22,0.0
SSB_train,high,23,0.0
SSB_train,high,24,0.0
SSB_train,high,25,0.0
SSB_train,high,26,0.0
SSB_train,high,27,0.0
SSB_train,high,28,0.0
SSB_train,high,29,0.0
SSB_train,high,30,0.0
SSB_train,low,1,1.1943591464227308e-146
SSB_train,low,2,3.4215262116862073e-283
SSB_train,low,3,0.0
SSB_train,low,4,0.0
SSB_train,low,5,0.0
SSB_train,low,6,0.0
SSB_train,low,7,0.0
SSB_train,low,8,0.0
SSB_train,low,9,0.0
SSB_train,low,10,0.0
SSB_train,low,11,0.0
SSB_train,low,12,0.0
SSB_train,low,13,0.0
SSB_train,low,14,0.0
SSB_train,low,15,0.0
SSB_train,low,16,0.0
SSB_train,low,17,0.0
SSB_train,low,18,0.0
SSB_train,low,19,0.0
SSB_train,low,20,0.0
SSB_train,low,21,0.0
SSB_train,low,22,0.0
SSB_train,low,23,0.0
SSB_train,low,24,0.0
SSB_train,low,25,0.0
SSB_train,low,26,0.0
SSB_train,low,27,0.0
SSB_train,low,28,0.0
SSB_train,low,29,0.0
SSB_train,low,30,0.0
SSB_train,close,1,7.67576762868348e-147
SSB_train,close,2,2.584562754914818e-283
SSB_train,close,3,0.0
SSB_train,close,4,0.0
SSB_train,close,5,0.0
SSB_train,close,6,0.0
SSB_train,close,7,0.0
SSB_train,close,8,0.0
SSB_train,close,9,0.0
SSB_train,close,10,0.0
SSB_train,close,11,0.0
SSB_train,close,12,0.0
SSB_train,close,13,0.0
SSB_train,close,14,0.0
SSB_train,close,15,0.0
SSB_train,close,16,0.0
SSB_train,close,17,0.0
SSB_train,close,18,0.0
SSB_train,close,19,0.0
SSB_train,close,20,0.0
SSB_train,close,21,0.0
SSB_train,close,22,0.0
SSB_train,close,23,0.0
SSB_train,close,24,0.0
SSB_train,close,25,0.0
SSB_train,close,26,0.0
SSB_train,close,27,0.0
SSB_train,close,28,0.0
SSB_train,close,29,0.0
SSB_train,close,30,0.0
SSI_train,open,1,7.742417709967124e-273
SSI_train,open,2,0.0
SSI_train,open,3,0.0
SSI_train,open,4,0.0
SSI_train,open,5,0.0
SSI_train,open,6,0.0
SSI_train,open,7,0.0
SSI_train,open,8,0.0
SSI_train,open,9,0.0
SSI_train,open,10,0.0
SSI_train,open,11,0.0
SSI_train,open,12,0.0
SSI_train,open,13,0.0
SSI_train,open,14,0.0
SSI_train,open,15,0.0
SSI_train,open,16,0.0
SSI_train,open,17,0.0
SSI_train,open,18,0.0
SSI_train,open,19,0.0
SSI_train,open,20,0.0
SSI_train,open,21,0.0
SSI_train,open,22,0.0
SSI_train,open,23,0.0
SSI_train,open,24,0.0
SSI_train,open,25,0.0
SSI_train,open,26,0.0
SSI_train,open,27,0.0
SSI_train,open,28,0.0
SSI_train,open,29,0.0
SSI_train,open,30,0.0
SSI_train,high,1,2.1539323320754054e-273
SSI_train,high,2,0.0
SSI_train,high,3,0.0
SSI_train,high,4,0.0
SSI_train,high,5,0.0
SSI_train,high,6,0.0
SSI_train,high,7,0.0
SSI_train,high,8,0.0
SSI_train,high,9,0.0
SSI_train,high,10,0.0
SSI_train,high,11,0.0
SSI_train,high,12,0.0
SSI_train,high,13,0.0
SSI_train,high,14,0.0
SSI_train,high,15,0.0
SSI_train,high,16,0.0
SSI_train,high,17,0.0
SSI_train,high,18,0.0
SSI_train,high,19,0.0
SSI_train,high,20,0.0
SSI_train,high,21,0.0
SSI_train,high,22,0.0
SSI_train,high,23,0.0
SSI_train,high,24,0.0
SSI_train,high,25,0.0
SSI_train,high,26,0.0
SSI_train,high,27,0.0
SSI_train,high,28,0.0
SSI_train,high,29,0.0
SSI_train,high,30,0.0
SSI_train,low,1,5.1557531984316346e-273
SSI_train,low,2,0.0
SSI_train,low,3,0.0
SSI_train,low,4,0.0
SSI_train,low,5,0.0
SSI_train,low,6,0.0
SSI_train,low,7,0.0
SSI_train,low,8,0.0
SSI_train,low,9,0.0
SSI_train,low,10,0.0
SSI_train,low,11,0.0
SSI_train,low,12,0.0
SSI_train,low,13,0.0
SSI_train,low,14,0.0
SSI_train,low,15,0.0
SSI_train,low,16,0.0
SSI_train,low,17,0.0
SSI_train,low,18,0.0
SSI_train,low,19,0.0
SSI_train,low,20,0.0
SSI_train,low,21,0.0
SSI_train,low,22,0.0
SSI_train,low,23,0.0
SSI_train,low,24,0.0
SSI_train,low,25,0.0
SSI_train,low,26,0.0
SSI_train,low,27,0.0
SSI_train,low,28,0.0
SSI_train,low,29,0.0
SSI_train,low,30,0.0
SSI_train,close,1,4.939238556584835e-273
SSI_train,close,2,0.0
SSI_train,close,3,0.0
SSI_train,close,4,0.0
SSI_train,close,5,0.0
SSI_train,close,6,0.0
SSI_train,close,7,0.0
SSI_train,close,8,0.0
SSI_train,close,9,0.0
SSI_train,close,10,0.0
SSI_train,close,11,0.0
SSI_train,close,12,0.0
SSI_train,close,13,0.0
SSI_train,close,14,0.0
SSI_train,close,15,0.0
SSI_train,close,16,0.0
SSI_train,close,17,0.0
SSI_train,close,18,0.0
SSI_train,close,19,0.0
SSI_train,close,20,0.0
SSI_train,close,21,0.0
SSI_train,close,22,0.0
SSI_train,close,23,0.0
SSI_train,close,24,0.0
SSI_train,close,25,0.0
SSI_train,close,26,0.0
SSI_train,close,27,0.0
SSI_train,close,28,0.0
SSI_train,close,29,0.0
SSI_train,close,30,0.0
STB_train,open,1,1.3568106748641201e-272
STB_train,open,2,0.0
STB_train,open,3,0.0
STB_train,open,4,0.0
STB_train,open,5,0.0
STB_train,open,6,0.0
STB_train,open,7,0.0
STB_train,open,8,0.0
STB_train,open,9,0.0
STB_train,open,10,0.0
STB_train,open,11,0.0
STB_train,open,12,0.0
STB_train,open,13,0.0
STB_train,open,14,0.0
STB_train,open,15,0.0
STB_train,open,16,0.0
STB_train,open,17,0.0
STB_train,open,18,0.0
STB_train,open,19,0.0
STB_train,open,20,0.0
STB_train,open,21,0.0
STB_train,open,22,0.0
STB_train,open,23,0.0
STB_train,open,24,0.0
STB_train,open,25,0.0
STB_train,open,26,0.0
STB_train,open,27,0.0
STB_train,open,28,0.0
STB_train,open,29,0.0
STB_train,open,30,0.0
STB_train,high,1,3.405479397436389e-273
STB_train,high,2,0.0
STB_train,high,3,0.0
STB_train,high,4,0.0
STB_train,high,5,0.0
STB_train,high,6,0.0
STB_train,high,7,0.0
STB_train,high,8,0.0
STB_train,high,9,0.0
STB_train,high,10,0.0
STB_train,high,11,0.0
STB_train,high,12,0.0
STB_train,high,13,0.0
STB_train,high,14,0.0
STB_train,high,15,0.0
STB_train,high,16,0.0
STB_train,high,17,0.0
STB_train,high,18,0.0
STB_train,high,19,0.0
STB_train,high,20,0.0
STB_train,high,21,0.0
STB_train,high,22,0.0
STB_train,high,23,0.0
STB_train,high,24,0.0
STB_train,high,25,0.0
STB_train,high,26,0.0
STB_train,high,27,0.0
STB_train,high,28,0.0
STB_train,high,29,0.0
STB_train,high,30,0.0
STB_train,low,1,6.887744730094372e-273
STB_train,low,2,0.0
STB_train,low,3,0.0
STB_train,low,4,0.0
STB_train,low,5,0.0
STB_train,low,6,0.0
STB_train,low,7,0.0
STB_train,low,8,0.0
STB_train,low,9,0.0
STB_train,low,10,0.0
STB_train,low,11,0.0
STB_train,low,12,0.0
STB_train,low,13,0.0
STB_train,low,14,0.0
STB_train,low,15,0.0
STB_train,low,16,0.0
STB_train,low,17,0.0
STB_train,low,18,0.0
STB_train,low,19,0.0
STB_train,low,20,0.0
STB_train,low,21,0.0
STB_train,low,22,0.0
STB_train,low,23,0.0
STB_train,low,24,0.0
STB_train,low,25,0.0
STB_train,low,26,0.0
STB_train,low,27,0.0
STB_train,low,28,0.0
STB_train,low,29,0.0
STB_train,low,30,0.0
STB_train,close,1,9.016226991287674e-273
STB_train,close,2,0.0
STB_train,close,3,0.0
STB_train,close,4,0.0
STB_train,close,5,0.0
STB_train,close,6,0.0
STB_train,close,7,0.0
STB_train,close,8,0.0
STB_train,close,9,0.0
STB_train,close,10,0.0
STB_train,close,11,0.0
STB_train,close,12,0.0
STB_train,close,13,0.0
STB_train,close,14,0.0
STB_train,close,15,0.0
STB_train,close,16,0.0
STB_train,close,17,0.0
STB_train,close,18,0.0
STB_train,close,19,0.0
STB_train,close,20,0.0
STB_train,close,21,0.0
STB_train,close,22,0.0
STB_train,close,23,0.0
STB_train,close,24,0.0
STB_train,close,25,0.0
STB_train,close,26,0.0
STB_train,close,27,0.0
STB_train,close,28,0.0
STB_train,close,29,0.0
STB_train,close,30,0.0
TCB_train,open,1,4.128249614347366e-273
TCB_train,open,2,0.0
TCB_train,open,3,0.0
TCB_train,open,4,0.0
TCB_train,open,5,0.0
TCB_train,open,6,0.0
TCB_train,open,7,0.0
TCB_train,open,8,0.0
TCB_train,open,9,0.0
TCB_train,open,10,0.0
TCB_train,open,11,0.0
TCB_train,open,12,0.0
TCB_train,open,13,0.0
TCB_train,open,14,0.0
TCB_train,open,15,0.0
TCB_train,open,16,0.0
TCB_train,open,17,0.0
TCB_train,open,18,0.0
TCB_train,open,19,0.0
TCB_train,open,20,0.0
TCB_train,open,21,0.0
TCB_train,open,22,0.0
TCB_train,open,23,0.0
TCB_train,open,24,0.0
TCB_train,open,25,0.0
TCB_train,open,26,0.0
TCB_train,open,27,0.0
TCB_train,open,28,0.0
TCB_train,open,29,0.0
TCB_train,open,30,0.0
TCB_train,high,1,1.5908797686402019e-273
TCB_train,high,2,0.0
TCB_train,high,3,0.0
TCB_train,high,4,0.0
TCB_train,high,5,0.0
TCB_train,high,6,0.0
TCB_train,high,7,0.0
TCB_train,high,8,0.0
TCB_train,high,9,0.0
TCB_train,high,10,0.0
TCB_train,high,11,0.0
TCB_train,high,12,0.0
TCB_train,high,13,0.0
TCB_train,high,14,0.0
TCB_train,high,15,0.0
TCB_train,high,16,0.0
TCB_train,high,17,0.0
TCB_train,high,18,0.0
TCB_train,high,19,0.0
TCB_train,high,20,0.0
TCB_train,high,21,0.0
TCB_train,high,22,0.0
TCB_train,high,23,0.0
TCB_train,high,24,0.0
TCB_train,high,25,0.0
TCB_train,high,26,0.0
TCB_train,high,27,0.0
TCB_train,high,28,0.0
TCB_train,high,29,0.0
TCB_train,high,30,0.0
TCB_train,low,1,2.4401333823769313e-273
TCB_train,low,2,0.0
TCB_train,low,3,0.0
TCB_train,low,4,0.0
TCB_train,low,5,0.0
TCB_train,low,6,0.0
TCB_train,low,7,0.0
TCB_train,low,8,0.0
TCB_train,low,9,0.0
TCB_train,low,10,0.0
TCB_train,low,11,0.0
TCB_train,low,12,0.0
TCB_train,low,13,0.0
TCB_train,low,14,0.0
TCB_train,low,15,0.0
TCB_train,low,16,0.0
TCB_train,low,17,0.0
TCB_train,low,18,0.0
TCB_train,low,19,0.0
TCB_train,low,20,0.0
TCB_train,low,21,0.0
TCB_train,low,22,0.0
TCB_train,low,23,0.0
TCB_train,low,24,0.0
TCB_train,low,25,0.0
TCB_train,low,26,0.0
TCB_train,low,27,0.0
TCB_train,low,28,0.0
TCB_train,low,29,0.0
TCB_train,low,30,0.0
TCB_train,close,1,3.0946398770313815e-273
TCB_train,close,2,0.0
TCB_train,close,3,0.0
TCB_train,close,4,0.0
TCB_train,close,5,0.0
TCB_train,close,6,0.0
TCB_train,close,7,0.0
TCB_train,close,8,0.0
TCB_train,close,9,0.0
TCB_train,close,10,0.0
TCB_train,close,11,0.0
TCB_train,close,12,0.0
TCB_train,close,13,0.0
TCB_train,close,14,0.0
TCB_train,close,15,0.0
TCB_train,close,16,0.0
TCB_train,close,17,0.0
TCB_train,close,18,0.0
TCB_train,close,19,0.0
TCB_train,close,20,0.0
TCB_train,close,21,0.0
TCB_train,close,22,0.0
TCB_train,close,23,0.0
TCB_train,close,24,0.0
TCB_train,close,25,0.0
TCB_train,close,26,0.0
TCB_train,close,27,0.0
TCB_train,close,28,0.0
TCB_train,close,29,0.0
TCB_train,close,30,0.0
TPB_train,open,1,8.717906722721411e-273
TPB_train,open,2,0.0
TPB_train,open,3,0.0
TPB_train,open,4,0.0
TPB_train,open,5,0.0
TPB_train,open,6,0.0
TPB_train,open,7,0.0
TPB_train,open,8,0.0
TPB_train,open,9,0.0
TPB_train,open,10,0.0
TPB_train,open,11,0.0
TPB_train,open,12,0.0
TPB_train,open,13,0.0
TPB_train,open,14,0.0
TPB_train,open,15,0.0
TPB_train,open,16,0.0
TPB_train,open,17,0.0
TPB_train,open,18,0.0
TPB_train,open,19,0.0
TPB_train,open,20,0.0
TPB_train,open,21,0.0
TPB_train,open,22,0.0
TPB_train,open,23,0.0
TPB_train,open,24,0.0
TPB_train,open,25,0.0
TPB_train,open,26,0.0
TPB_train,open,27,0.0
TPB_train,open,28,0.0
TPB_train,open,29,0.0
TPB_train,open,30,0.0
TPB_train,high,1,2.5610222241063954e-273
TPB_train,high,2,0.0
TPB_train,high,3,0.0
TPB_train,high,4,0.0
TPB_train,high,5,0.0
TPB_train,high,6,0.0
TPB_train,high,7,0.0
TPB_train,high,8,0.0
TPB_train,high,9,0.0
TPB_train,high,10,0.0
TPB_train,high,11,0.0
TPB_train,high,12,0.0
TPB_train,high,13,0.0
TPB_train,high,14,0.0
TPB_train,high,15,0.0
TPB_train,high,16,0.0
TPB_train,high,17,0.0
TPB_train,high,18,0.0
TPB_train,high,19,0.0
TPB_train,high,20,0.0
TPB_train,high,21,0.0
TPB_train,high,22,0.0
TPB_train,high,23,0.0
TPB_train,high,24,0.0
TPB_train,high,25,0.0
TPB_train,high,26,0.0
TPB_train,high,27,0.0
TPB_train,high,28,0.0
TPB_train,high,29,0.0
TPB_train,high,30,0.0
TPB_train,low,1,4.892372878925077e-273
TPB_train,low,2,0.0
TPB_train,low,3,0.0
TPB_train,low,4,0.0
TPB_train,low,5,0.0
TPB_train,low,6,0.0
TPB_train,low,7,0.0
TPB_train,low,8,0.0
TPB_train,low,9,0.0
TPB_train,low,10,0.0
TPB_train,low,11,0.0
TPB_train,low,12,0.0
TPB_train,low,13,0.0
TPB_train,low,14,0.0
TPB_train,low,15,0.0
TPB_train,low,16,0.0
TPB_train,low,17,0.0
TPB_train,low,18,0.0
TPB_train,low,19,0.0
TPB_train,low,20,0.0
TPB_train,low,21,0.0
TPB_train,low,22,0.0
TPB_train,low,23,0.0
TPB_train,low,24,0.0
TPB_train,low,25,0.0
TPB_train,low,26,0.0
TPB_train,low,27,0.0
TPB_train,low,28,0.0
TPB_train,low,29,0.0
TPB_train,low,30,0.0
TPB_train,close,1,5.934567744727782e-273
TPB_train,close,2,0.0
TPB_train,close,3,0.0
TPB_train,close,4,0.0
TPB_train,close,5,0.0
TPB_train,close,6,0.0
TPB_train,close,7,0.0
TPB_train,close,8,0.0
TPB_train,close,9,0.0
TPB_train,close,10,0.0
TPB_train,close,11,0.0
TPB_train,close,12,0.0
TPB_train,close,13,0.0
TPB_train,close,14,0.0
TPB_train,close,15,0.0
TPB_train,close,16,0.0
TPB_train,close,17,0.0
TPB_train,close,18,0.0
TPB_train,close,19,0.0
TPB_train,close,20,0.0
TPB_train,close,21,0.0
TPB_train,close,22,0.0
TPB_train,close,23,0.0
TPB_train,close,24,0.0
TPB_train,close,25,0.0
TPB_train,close,26,0.0
TPB_train,close,27,0.0
TPB_train,close,28,0.0
TPB_train,close,29,0.0
TPB_train,close,30,0.0
VCB_train,open,1,6.846695430350764e-271
VCB_train,open,2,0.0
VCB_train,open,3,0.0
VCB_train,open,4,0.0
VCB_train,open,5,0.0
VCB_train,open,6,0.0
VCB_train,open,7,0.0
VCB_train,open,8,0.0
VCB_train,open,9,0.0
VCB_train,open,10,0.0
VCB_train,open,11,0.0
VCB_train,open,12,0.0
VCB_train,open,13,0.0
VCB_train,open,14,0.0
VCB_train,open,15,0.0
VCB_train,open,16,0.0
VCB_train,open,17,0.0
VCB_train,open,18,0.0
VCB_train,open,19,0.0
VCB_train,open,20,0.0
VCB_train,open,21,0.0
VCB_train,open,22,0.0
VCB_train,open,23,0.0
VCB_train,open,24,0.0
VCB_train,open,25,0.0
VCB_train,open,26,0.0
VCB_train,open,27,0.0
VCB_train,open,28,0.0
VCB_train,open,29,0.0
VCB_train,open,30,0.0
VCB_train,high,1,1.3684154829450207e-271
VCB_train,high,2,0.0
VCB_train,high,3,0.0
VCB_train,high,4,0.0
VCB_train,high,5,0.0
VCB_train,high,6,0.0
VCB_train,high,7,0.0
VCB_train,high,8,0.0
VCB_train,high,9,0.0
VCB_train,high,10,0.0
VCB_train,high,11,0.0
VCB_train,high,12,0.0
VCB_train,high,13,0.0
VCB_train,high,14,0.0
VCB_train,high,15,0.0
VCB_train,high,16,0.0
VCB_train,high,17,0.0
VCB_train,high,18,0.0
VCB_train,high,19,0.0
VCB_train,high,20,0.0
VCB_train,high,21,0.0
VCB_train,high,22,0.0
VCB_train,high,23,0.0
VCB_train,high,24,0.0
VCB_train,high,25,0.0
VCB_train,high,26,0.0
VCB_train,high,27,0.0
VCB_train,high,28,0.0
VCB_train,high,29,0.0
VCB_train,high,30,0.0
VCB_train,low,1,1.8536851752920348e-271
VCB_train,low,2,0.0
VCB_train,low,3,0.0
VCB_train,low,4,0.0
VCB_train,low,5,0.0
VCB_train,low,6,0.0
VCB_train,low,7,0.0
VCB_train,low,8,0.0
VCB_train,low,9,0.0
VCB_train,low,10,0.0
VCB_train,low,11,0.0
VCB_train,low,12,0.0
VCB_train,low,13,0.0
VCB_train,low,14,0.0
VCB_train,low,15,0.0
VCB_train,low,16,0.0
VCB_train,low,17,0.0
VCB_train,low,18,0.0
VCB_train,low,19,0.0
VCB_train,low,20,0.0
VCB_train,low,21,0.0
VCB_train,low,22,0.0
VCB_train,low,23,0.0
VCB_train,low,24,0.0
VCB_train,low,25,0.0
VCB_train,low,26,0.0
VCB_train,low,27,0.0
VCB_train,low,28,0.0
VCB_train,low,29,0.0
VCB_train,low,30,0.0
VCB_train,close,1,2.65237497023193e-271
VCB_train,close,2,0.0
VCB_train,close,3,0.0
VCB_train,close,4,0.0
VCB_train,close,5,0.0
VCB_train,close,6,0.0
VCB_train,close,7,0.0
VCB_train,close,8,0.0
VCB_train,close,9,0.0
VCB_train,close,10,0.0
VCB_train,close,11,0.0
VCB_train,close,12,0.0
VCB_train,close,13,0.0
VCB_train,close,14,0.0
VCB_train,close,15,0.0
VCB_train,close,16,0.0
VCB_train,close,17,0.0
VCB_train,close,18,0.0
VCB_train,close,19,0.0
VCB_train,close,20,0.0
VCB_train,close,21,0.0
VCB_train,close,22,0.0
VCB_train,close,23,0.0
VCB_train,close,24,0.0
VCB_train,close,25,0.0
VCB_train,close,26,0.0
VCB_train,close,27,0.0
VCB_train,close,28,0.0
VCB_train,close,29,0.0
VCB_train,close,30,0.0
VHM_train,open,1,4.36644107123597e-270
VHM_train,open,2,0.0
VHM_train,open,3,0.0
VHM_train,open,4,0.0
VHM_train,open,5,0.0
VHM_train,open,6,0.0
VHM_train,open,7,0.0
VHM_train,open,8,0.0
VHM_train,open,9,0.0
VHM_train,open,10,0.0
VHM_train,open,11,0.0
VHM_train,open,12,0.0
VHM_train,open,13,0.0
VHM_train,open,14,0.0
VHM_train,open,15,0.0
VHM_train,open,16,0.0
VHM_train,open,17,0.0
VHM_train,open,18,0.0
VHM_train,open,19,0.0
VHM_train,open,20,0.0
VHM_train,open,21,0.0
VHM_train,open,22,0.0
VHM_train,open,23,0.0
VHM_train,open,24,0.0
VHM_train,open,25,0.0
VHM_train,open,26,0.0
VHM_train,open,27,0.0
VHM_train,open,28,0.0
VHM_train,open,29,0.0
VHM_train,open,30,0.0
VHM_train,high,1,4.3568321264710217e-271
VHM_train,high,2,0.0
VHM_train,high,3,0.0
VHM_train,high,4,0.0
VHM_train,high,5,0.0
VHM_train,high,6,0.0
VHM_train,high,7,0.0
VHM_train,high,8,0.0
VHM_train,high,9,0.0
VHM_train,high,10,0.0
VHM_train,high,11,0.0
VHM_train,high,12,0.0
VHM_train,high,13,0.0
VHM_train,high,14,0.0
VHM_train,high,15,0.0
VHM_train,high,16,0.0
VHM_train,high,17,0.0
VHM_train,high,18,0.0
VHM_train,high,19,0.0
VHM_train,high,20,0.0
VHM_train,high,21,0.0
VHM_train,high,22,0.0
VHM_train,high,23,0.0
VHM_train,high,24,0.0
VHM_train,high,25,0.0
VHM_train,high,26,0.0
VHM_train,high,27,0.0
VHM_train,high,28,0.0
VHM_train,high,29,0.0
VHM_train,high,30,0.0
VHM_train,low,1,6.771383628308707e-271
VHM_train,low,2,0.0
VHM_train,low,3,0.0
VHM_train,low,4,0.0
VHM_train,low,5,0.0
VHM_train,low,6,0.0
VHM_train,low,7,0.0
VHM_train,low,8,0.0
VHM_train,low,9,0.0
VHM_train,low,10,0.0
VHM_train,low,11,0.0
VHM_train,low,12,0.0
VHM_train,low,13,0.0
VHM_train,low,14,0.0
VHM_train,low,15,0.0
VHM_train,low,16,0.0
VHM_train,low,17,0.0
VHM_train,low,18,0.0
VHM_train,low,19,0.0
VHM_train,low,20,0.0
VHM_train,low,21,0.0
VHM_train,low,22,0.0
VHM_train,low,23,0.0
VHM_train,low,24,0.0
VHM_train,low,25,0.0
VHM_train,low,26,0.0
VHM_train,low,27,0.0
VHM_train,low,28,0.0
VHM_train,low,29,0.0
VHM_train,low,30,0.0
VHM_train,close,1,1.3808759990802973e-270
VHM_train,close,2,0.0
VHM_train,close,3,0.0
VHM_train,close,4,0.0
VHM_train,close,5,0.0
VHM_train,close,6,0.0
VHM_train,close,7,0.0
VHM_train,close,8,0.0
VHM_train,close,9,0.0
VHM_train,close,10,0.0
VHM_train,close,11,0.0
VHM_train,close,12,0.0
VHM_train,close,13,0.0
VHM_train,close,14,0.0
VHM_train,close,15,0.0
VHM_train,close,16,0.0
VHM_train,close,17,0.0
VHM_train,close,18,0.0
VHM_train,close,19,0.0
VHM_train,close,20,0.0
VHM_train,close,21,0.0
VHM_train,close,22,0.0
VHM_train,close,23,0.0
VHM_train,close,24,0.0
VHM_train,close,25,0.0
VHM_train,close,26,0.0
VHM_train,close,27,0.0
VHM_train,close,28,0.0
VHM_train,close,29,0.0
VHM_train,close,30,0.0
VIB_train,open,1,1.3741062955984895e-271
VIB_train,open,2,0.0
VIB_train,open,3,0.0
VIB_train,open,4,0.0
VIB_train,open,5,0.0
VIB_train,open,6,0.0
VIB_train,open,7,0.0
VIB_train,open,8,0.0
VIB_train,open,9,0.0
VIB_train,open,10,0.0
VIB_train,open,11,0.0
VIB_train,open,12,0.0
VIB_train,open,13,0.0
VIB_train,open,14,0.0
VIB_train,open,15,0.0
VIB_train,open,16,0.0
VIB_train,open,17,0.0
VIB_train,open,18,0.0
VIB_train,open,19,0.0
VIB_train,open,20,0.0
VIB_train,open,21,0.0
VIB_train,open,22,0.0
VIB_train,open,23,0.0
VIB_train,open,24,0.0
VIB_train,open,25,0.0
VIB_train,open,26,0.0
VIB_train,open,27,0.0
VIB_train,open,28,0.0
VIB_train,open,29,0.0
VIB_train,open,30,0.0
VIB_train,high,1,7.021643527774722e-272
VIB_train,high,2,0.0
VIB_train,high,3,0.0
VIB_train,high,4,0.0
VIB_train,high,5,0.0
VIB_train,high,6,0.0
VIB_train,high,7,0.0
VIB_train,high,8,0.0
VIB_train,high,9,0.0
VIB_train,high,10,0.0
VIB_train,high,11,0.0
VIB_train,high,12,0.0
VIB_train,high,13,0.0
VIB_train,high,14,0.0
VIB_train,high,15,0.0
VIB_train,high,16,0.0
VIB_train,high,17,0.0
VIB_train,high,18,0.0
VIB_train,high,19,0.0
VIB_train,high,20,0.0
VIB_train,high,21,0.0
VIB_train,high,22,0.0
VIB_train,high,23,0.0
VIB_train,high,24,0.0
VIB_train,high,25,0.0
VIB_train,high,26,0.0
VIB_train,high,27,0.0
VIB_train,high,28,0.0
VIB_train,high,29,0.0
VIB_train,high,30,0.0
VIB_train,low,1,1.3353622833834744e-271
VIB_train,low,2,0.0
VIB_train,low,3,0.0
VIB_train,low,4,0.0
VIB_train,low,5,0.0
VIB_train,low,6,0.0
VIB_train,low,7,0.0
VIB_train,low,8,0.0
VIB_train,low,9,0.0
VIB_train,low,10,0.0
VIB_train,low,11,0.0
VIB_train,low,12,0.0
VIB_train,low,13,0.0
VIB_train,low,14,0.0
VIB_train,low,15,0.0
VIB_train,low,16,0.0
VIB_train,low,17,0.0
VIB_train,low,18,0.0
VIB_train,low,19,0.0
VIB_train,low,20,0.0
VIB_train,low,21,0.0
VIB_train,low,22,0.0
VIB_train,low,23,0.0
VIB_train,low,24,0.0
VIB_train,low,25,0.0
VIB_train,low,26,0.0
VIB_train,low,27,0.0
VIB_train,low,28,0.0
VIB_train,low,29,0.0
VIB_train,low,30,0.0
VIB_train,close,1,8.366221385396905e-272
VIB_train,close,2,0.0
VIB_train,close,3,0.0
VIB_train,close,4,0.0
VIB_train,close,5,0.0
VIB_train,close,6,0.0
VIB_train,close,7,0.0
VIB_train,close,8,0.0
VIB_train,close,9,0.0
VIB_train,close,10,0.0
VIB_train,close,11,0.0
VIB_train,close,12,0.0
VIB_train,close,13,0.0
VIB_train,close,14,0.0
VIB_train,close,15,0.0
VIB_train,close,16,0.0
VIB_train,close,17,0.0
VIB_train,close,18,0.0
VIB_train,close,19,0.0
VIB_train,close,20,0.0
VIB_train,close,21,0.0
VIB_train,close,22,0.0
VIB_train,close,23,0.0
VIB_train,close,24,0.0
VIB_train,close,25,0.0
VIB_train,close,26,0.0
VIB_train,close,27,0.0
VIB_train,close,28,0.0
VIB_train,close,29,0.0
VIB_train,close,30,0.0
VIC_train,open,1,5.842427997496577e-272
VIC_train,open,2,0.0
VIC_train,open,3,0.0
VIC_train,open,4,0.0
VIC_train,open,5,0.0
VIC_train,open,6,0.0
VIC_train,open,7,0.0
VIC_train,open,8,0.0
VIC_train,open,9,0.0
VIC_train,open,10,0.0
VIC_train,open,11,0.0
VIC_train,open,12,0.0
VIC_train,open,13,0.0
VIC_train,open,14,0.0
VIC_train,open,15,0.0
VIC_train,open,16,0.0
VIC_train,open,17,0.0
VIC_train,open,18,0.0
VIC_train,open,19,0.0
VIC_train,open,20,0.0
VIC_train,open,21,0.0
VIC_train,open,22,0.0
VIC_train,open,23,0.0
VIC_train,open,24,0.0
VIC_train,open,25,0.0
VIC_train,open,26,0.0
VIC_train,open,27,0.0
VIC_train,open,28,0.0
VIC_train,open,29,0.0
VIC_train,open,30,0.0
VIC_train,high,1,2.0136395248575935e-272
VIC_train,high,2,0.0
VIC_train,high,3,0.0
VIC_train,high,4,0.0
VIC_train,high,5,0.0
VIC_train,high,6,0.0
VIC_train,high,7,0.0
VIC_train,high,8,0.0
VIC_train,high,9,0.0
VIC_train,high,10,0.0
VIC_train,high,11,0.0
VIC_train,high,12,0.0
VIC_train,high,13,0.0
VIC_train,high,14,0.0
VIC_train,high,15,0.0
VIC_train,high,16,0.0
VIC_train,high,17,0.0
VIC_train,high,18,0.0
VIC_train,high,19,0.0
VIC_train,high,20,0.0
VIC_train,high,21,0.0
VIC_train,high,22,0.0
VIC_train,high,23,0.0
VIC_train,high,24,0.0
VIC_train,high,25,0.0
VIC_train,high,26,0.0
VIC_train,high,27,0.0
VIC_train,high,28,0.0
VIC_train,high,29,0.0
VIC_train,high,30,0.0
VIC_train,low,1,2.6725723882076115e-272
VIC_train,low,2,0.0
VIC_train,low,3,0.0
VIC_train,low,4,0.0
VIC_train,low,5,0.0
VIC_train,low,6,0.0
VIC_train,low,7,0.0
VIC_train,low,8,0.0
VIC_train,low,9,0.0
VIC_train,low,10,0.0
VIC_train,low,11,0.0
VIC_train,low,12,0.0
VIC_train,low,13,0.0
VIC_train,low,14,0.0
VIC_train,low,15,0.0
VIC_train,low,16,0.0
VIC_train,low,17,0.0
VIC_train,low,18,0.0
VIC_train,low,19,0.0
VIC_train,low,20,0.0
VIC_train,low,21,0.0
VIC_train,low,22,0.0
VIC_train,low,23,0.0
VIC_train,low,24,0.0
VIC_train,low,25,0.0
VIC_train,low,26,0.0
VIC_train,low,27,0.0
VIC_train,low,28,0.0
VIC_train,low,29,0.0
VIC_train,low,30,0.0
VIC_train,close,1,3.300792280919677e-272
VIC_train,close,2,0.0
VIC_train,close,3,0.0
VIC_train,close,4,0.0
VIC_train,close,5,0.0
VIC_train,close,6,0.0
VIC_train,close,7,0.0
VIC_train,close,8,0.0
VIC_train,close,9,0.0
VIC_train,close,10,0.0
VIC_train,close,11,0.0
VIC_train,close,12,0.0
VIC_train,close,13,0.0
VIC_train,close,14,0.0
VIC_train,close,15,0.0
VIC_train,close,16,0.0
VIC_train,close,17,0.0
VIC_train,close,18,0.0
VIC_train,close,19,0.0
VIC_train,close,20,0.0
VIC_train,close,21,0.0
VIC_train,close,22,0.0
VIC_train,close,23,0.0
VIC_train,close,24,0.0
VIC_train,close,25,0.0
VIC_train,close,26,0.0
VIC_train,close,27,0.0
VIC_train,close,28,0.0
VIC_train,close,29,0.0
VIC_train,close,30,0.0
VJC_train,open,1,2.6999726111056215e-269
VJC_train,open,2,0.0
VJC_train,open,3,0.0
VJC_train,open,4,0.0
VJC_train,open,5,0.0
VJC_train,open,6,0.0
VJC_train,open,7,0.0
VJC_train,open,8,0.0
VJC_train,open,9,0.0
VJC_train,open,10,0.0
VJC_train,open,11,0.0
VJC_train,open,12,0.0
VJC_train,open,13,0.0
VJC_train,open,14,0.0
VJC_train,open,15,0.0
VJC_train,open,16,0.0
VJC_train,open,17,0.0
VJC_train,open,18,0.0
VJC_train,open,19,0.0
VJC_train,open,20,0.0
VJC_train,open,21,0.0
VJC_train,open,22,0.0
VJC_train,open,23,0.0
VJC_train,open,24,0.0
VJC_train,open,25,0.0
VJC_train,open,26,0.0
VJC_train,open,27,0.0
VJC_train,open,28,0.0
VJC_train,open,29,0.0
VJC_train,open,30,0.0
VJC_train,high,1,2.12152997138662e-270
VJC_train,high,2,0.0
VJC_train,high,3,0.0
VJC_train,high,4,0.0
VJC_train,high,5,0.0
VJC_train,high,6,0.0
VJC_train,high,7,0.0
VJC_train,high,8,0.0
VJC_train,high,9,0.0
VJC_train,high,10,0.0
VJC_train,high,11,0.0
VJC_train,high,12,0.0
VJC_train,high,13,0.0
VJC_train,high,14,0.0
VJC_train,high,15,0.0
VJC_train,high,16,0.0
VJC_train,high,17,0.0
VJC_train,high,18,0.0
VJC_train,high,19,0.0
VJC_train,high,20,0.0
VJC_train,high,21,0.0
VJC_train,high,22,0.0
VJC_train,high,23,0.0
VJC_train,high,24,0.0
VJC_train,high,25,0.0
VJC_train,high,26,0.0
VJC_train,high,27,0.0
VJC_train,high,28,0.0
VJC_train,high,29,0.0
VJC_train,high,30,0.0
VJC_train,low,1,3.4166704100695494e-270
VJC_train,low,2,0.0
VJC_train,low,3,0.0
VJC_train,low,4,0.0
VJC_train,low,5,0.0
VJC_train,low,6,0.0
VJC_train,low,7,0.0
VJC_train,low,8,0.0
VJC_train,low,9,0.0
VJC_train,low,10,0.0
VJC_train,low,11,0.0
VJC_train,low,12,0.0
VJC_train,low,13,0.0
VJC_train,low,14,0.0
VJC_train,low,15,0.0
VJC_train,low,16,0.0
VJC_train,low,17,0.0
VJC_train,low,18,0.0
VJC_train,low,19,0.0
VJC_train,low,20,0.0
VJC_train,low,21,0.0
VJC_train,low,22,0.0
VJC_train,low,23,0.0
VJC_train,low,24,0.0
VJC_train,low,25,0.0
VJC_train,low,26,0.0
VJC_train,low,27,0.0
VJC_train,low,28,0.0
VJC_train,low,29,0.0
VJC_train,low,30,0.0
VJC_train,close,1,7.169040738184665e-270
VJC_train,close,2,0.0
VJC_train,close,3,0.0
VJC_train,close,4,0.0
VJC_train,close,5,0.0
VJC_train,close,6,0.0
VJC_train,close,7,0.0
VJC_train,close,8,0.0
VJC_train,close,9,0.0
VJC_train,close,10,0.0
VJC_train,close,11,0.0
VJC_train,close,12,0.0
VJC_train,close,13,0.0
VJC_train,close,14,0.0
VJC_train,close,15,0.0
VJC_train,close,16,0.0
VJC_train,close,17,0.0
VJC_train,close,18,0.0
VJC_train,close,19,0.0
VJC_train,close,20,0.0
VJC_train,close,21,0.0
VJC_train,close,22,0.0
VJC_train,close,23,0.0
VJC_train,close,24,0.0
VJC_train,close,25,0.0
VJC_train,close,26,0.0
VJC_train,close,27,0.0
VJC_train,close,28,0.0
VJC_train,close,29,0.0
VJC_train,close,30,0.0
VNM_train,open,1,2.0340300540012474e-269
VNM_train,open,2,0.0
VNM_train,open,3,0.0
VNM_train,open,4,0.0
VNM_train,open,5,0.0
VNM_train,open,6,0.0
VNM_train,open,7,0.0
VNM_train,open,8,0.0
VNM_train,open,9,0.0
VNM_train,open,10,0.0
VNM_train,open,11,0.0
VNM_train,open,12,0.0
VNM_train,open,13,0.0
VNM_train,open,14,0.0
VNM_train,open,15,0.0
VNM_train,open,16,0.0
VNM_train,open,17,0.0
VNM_train,open,18,0.0
VNM_train,open,19,0.0
VNM_train,open,20,0.0
VNM_train,open,21,0.0
VNM_train,open,22,0.0
VNM_train,open,23,0.0
VNM_train,open,24,0.0
VNM_train,open,25,0.0
VNM_train,open,26,0.0
VNM_train,open,27,0.0
VNM_train,open,28,0.0
VNM_train,open,29,0.0
VNM_train,open,30,0.0
VNM_train,high,1,6.47001722042293e-271
VNM_train,high,2,0.0
VNM_train,high,3,0.0
VNM_train,high,4,0.0
VNM_train,high,5,0.0
VNM_train,high,6,0.0
VNM_train,high,7,0.0
VNM_train,high,8,0.0
VNM_train,high,9,0.0
VNM_train,high,10,0.0
VNM_train,high,11,0.0
VNM_train,high,12,0.0
VNM_train,high,13,0.0
VNM_train,high,14,0.0
VNM_train,high,15,0.0
VNM_train,high,16,0.0
VNM_train,high,17,0.0
VNM_train,high,18,0.0
VNM_train,high,19,0.0
VNM_train,high,20,0.0
VNM_train,high,21,0.0
VNM_train,high,22,0.0
VNM_train,high,23,0.0
VNM_train,high,24,0.0
VNM_train,high,25,0.0
VNM_train,high,26,0.0
VNM_train,high,27,0.0
VNM_train,high,28,0.0
VNM_train,high,29,0.0
VNM_train,high,30,0.0
VNM_train,low,1,1.9587234911309593e-270
VNM_train,low,2,0.0
VNM_train,low,3,0.0
VNM_train,low,4,0.0
VNM_train,low,5,0.0
VNM_train,low,6,0.0
VNM_train,low,7,0.0
VNM_train,low,8,0.0
VNM_train,low,9,0.0
VNM_train,low,10,0.0
VNM_train,low,11,0.0
VNM_train,low,12,0.0
VNM_train,low,13,0.0
VNM_train,low,14,0.0
VNM_train,low,15,0.0
VNM_train,low,16,0.0
VNM_train,low,17,0.0
VNM_train,low,18,0.0
VNM_train,low,19,0.0
VNM_train,low,20,0.0
VNM_train,low,21,0.0
VNM_train,low,22,0.0
VNM_train,low,23,0.0
VNM_train,low,24,0.0
VNM_train,low,25,0.0
VNM_train,low,26,0.0
VNM_train,low,27,0.0
VNM_train,low,28,0.0
VNM_train,low,29,0.0
VNM_train,low,30,0.0
VNM_train,close,1,1.387783431337433e-269
VNM_train,close,2,0.0
VNM_train,close,3,0.0
VNM_train,close,4,0.0
VNM_train,close,5,0.0
VNM_train,close,6,0.0
VNM_train,close,7,0.0
VNM_train,close,8,0.0
VNM_train,close,9,0.0
VNM_train,close,10,0.0
VNM_train,close,11,0.0
VNM_train,close,12,0.0
VNM_train,close,13,0.0
VNM_train,close,14,0.0
VNM_train,close,15,0.0
VNM_train,close,16,0.0
VNM_train,close,17,0.0
VNM_train,close,18,0.0
VNM_train,close,19,0.0
VNM_train,close,20,0.0
VNM_train,close,21,0.0
VNM_train,close,22,0.0
VNM_train,close,23,0.0
VNM_train,close,24,0.0
VNM_train,close,25,0.0
VNM_train,close,26,0.0
VNM_train,close,27,0.0
VNM_train,close,28,0.0
VNM_train,close,29,0.0
VNM_train,close,30,0.0
VPB_train,open,1,4.1095209337304786e-273
VPB_train,open,2,0.0
VPB_train,open,3,0.0
VPB_train,open,4,0.0
VPB_train,open,5,0.0
VPB_train,open,6,0.0
VPB_train,open,7,0.0
VPB_train,open,8,0.0
VPB_train,open,9,0.0
VPB_train,open,10,0.0
VPB_train,open,11,0.0
VPB_train,open,12,0.0
VPB_train,open,13,0.0
VPB_train,open,14,0.0
VPB_train,open,15,0.0
VPB_train,open,16,0.0
VPB_train,open,17,0.0
VPB_train,open,18,0.0
VPB_train,open,19,0.0
VPB_train,open,20,0.0
VPB_train,open,21,0.0
VPB_train,open,22,0.0
VPB_train,open,23,0.0
VPB_train,open,24,0.0
VPB_train,open,25,0.0
VPB_train,open,26,0.0
VPB_train,open,27,0.0
VPB_train,open,28,0.0
VPB_train,open,29,0.0
VPB_train,open,30,0.0
VPB_train,high,1,2.0572657501574316e-273
VPB_train,high,2,0.0
VPB_train,high,3,0.0
VPB_train,high,4,0.0
VPB_train,high,5,0.0
VPB_train,high,6,0.0
VPB_train,high,7,0.0
VPB_train,high,8,0.0
VPB_train,high,9,0.0
VPB_train,high,10,0.0
VPB_train,high,11,0.0
VPB_train,high,12,0.0
VPB_train,high,13,0.0
VPB_train,high,14,0.0
VPB_train,high,15,0.0
VPB_train,high,16,0.0
VPB_train,high,17,0.0
VPB_train,high,18,0.0
VPB_train,high,19,0.0
VPB_train,high,20,0.0
VPB_train,high,21,0.0
VPB_train,high,22,0.0
VPB_train,high,23,0.0
VPB_train,high,24,0.0
VPB_train,high,25,0.0
VPB_train,high,26,0.0
VPB_train,high,27,0.0
VPB_train,high,28,0.0
VPB_train,high,29,0.0
VPB_train,high,30,0.0
VPB_train,low,1,3.318843008306395e-273
VPB_train,low,2,0.0
VPB_train,low,3,0.0
VPB_train,low,4,0.0
VPB_train,low,5,0.0
VPB_train,low,6,0.0
VPB_train,low,7,0.0
VPB_train,low,8,0.0
VPB_train,low,9,0.0
VPB_train,low,10,0.0
VPB_train,low,11,0.0
VPB_train,low,12,0.0
VPB_train,low,13,0.0
VPB_train,low,14,0.0
VPB_train,low,15,0.0
VPB_train,low,16,0.0
VPB_train,low,17,0.0
VPB_train,low,18,0.0
VPB_train,low,19,0.0
VPB_train,low,20,0.0
VPB_train,low,21,0.0
VPB_train,low,22,0.0
VPB_train,low,23,0.0
VPB_train,low,24,0.0
VPB_train,low,25,0.0
VPB_train,low,26,0.0
VPB_train,low,27,0.0
VPB_train,low,28,0.0
VPB_train,low,29,0.0
VPB_train,low,30,0.0
VPB_train,close,1,3.261002655764891e-273
VPB_train,close,2,0.0
VPB_train,close,3,0.0
VPB_train,close,4,0.0
VPB_train,close,5,0.0
VPB_train,close,6,0.0
VPB_train,close,7,0.0
VPB_train,close,8,0.0
VPB_train,close,9,0.0
VPB_train,close,10,0.0
VPB_train,close,11,0.0
VPB_train,close,12,0.0
VPB_train,close,13,0.0
VPB_train,close,14,0.0
VPB_train,close,15,0.0
VPB_train,close,16,0.0
VPB_train,close,17,0.0
VPB_train,close,18,0.0
VPB_train,close,19,0.0
VPB_train,close,20,0.0
VPB_train,close,21,0.0
VPB_train,close,22,0.0
VPB_train,close,23,0.0
VPB_train,close,24,0.0
VPB_train,close,25,0.0
VPB_train,close,26,0.0
VPB_train,close,27,0.0
VPB_train,close,28,0.0
VPB_train,close,29,0.0
VPB_train,close,30,0.0
VRE_train,open,1,1.0661079150446379e-262
VRE_train,open,2,0.0
VRE_train,open,3,0.0
VRE_train,open,4,0.0
VRE_train,open,5,0.0
VRE_train,open,6,0.0
VRE_train,open,7,0.0
VRE_train,open,8,0.0
VRE_train,open,9,0.0
VRE_train,open,10,0.0
VRE_train,open,11,0.0
VRE_train,open,12,0.0
VRE_train,open,13,0.0
VRE_train,open,14,0.0
VRE_train,open,15,0.0
VRE_train,open,16,0.0
VRE_train,open,17,0.0
VRE_train,open,18,0.0
VRE_train,open,19,0.0
VRE_train,open,20,0.0
VRE_train,open,21,0.0
VRE_train,open,22,0.0
VRE_train,open,23,0.0
VRE_train,open,24,0.0
VRE_train,open,25,0.0
VRE_train,open,26,0.0
VRE_train,open,27,0.0
VRE_train,open,28,0.0
VRE_train,open,29,0.0
VRE_train,open,30,0.0
VRE_train,high,1,1.315905724634579e-266
VRE_train,high,2,0.0
VRE_train,high,3,0.0
VRE_train,high,4,0.0
VRE_train,high,5,0.0
VRE_train,high,6,0.0
VRE_train,high,7,0.0
VRE_train,high,8,0.0
VRE_train,high,9,0.0
VRE_train,high,10,0.0
VRE_train,high,11,0.0
VRE_train,high,12,0.0
VRE_train,high,13,0.0
VRE_train,high,14,0.0
VRE_train,high,15,0.0
VRE_train,high,16,0.0
VRE_train,high,17,0.0
VRE_train,high,18,0.0
VRE_train,high,19,0.0
VRE_train,high,20,0.0
VRE_train,high,21,0.0
VRE_train,high,22,0.0
VRE_train,high,23,0.0
VRE_train,high,24,0.0
VRE_train,high,25,0.0
VRE_train,high,26,0.0
VRE_train,high,27,0.0
VRE_train,high,28,0.0
VRE_train,high,29,0.0
VRE_train,high,30,0.0
VRE_train,low,1,2.2920371300525678e-265
VRE_train,low,2,0.0
VRE_train,low,3,0.0
VRE_train,low,4,0.0
VRE_train,low,5,0.0
VRE_train,low,6,0.0
VRE_train,low,7,0.0
VRE_train,low,8,0.0
VRE_train,low,9,0.0
VRE_train,low,10,0.0
VRE_train,low,11,0.0
VRE_train,low,12,0.0
VRE_train,low,13,0.0
VRE_train,low,14,0.0
VRE_train,low,15,0.0
VRE_train,low,16,0.0
VRE_train,low,17,0.0
VRE_train,low,18,0.0
VRE_train,low,19,0.0
VRE_train,low,20,0.0
VRE_train,low,21,0.0
VRE_train,low,22,0.0
VRE_train,low,23,0.0
VRE_train,low,24,0.0
VRE_train,low,25,0.0
VRE_train,low,26,0.0
VRE_train,low,27,0.0
VRE_train,low,28,0.0
VRE_train,low,29,0.0
VRE_train,low,30,0.0
VRE_train,close,1,1.785773225966023e-264
VRE_train,close,2,0.0
VRE_train,close,3,0.0
VRE_train,close,4,0.0
VRE_train,close,5,0.0
VRE_train,close,6,0.0
VRE_train,close,7,0.0
VRE_train,close,8,0.0
VRE_train,close,9,0.0
VRE_train,close,10,0.0
VRE_train,close,11,0.0
VRE_train,close,12,0.0
VRE_train,close,13,0.0
VRE_train,close,14,0.0
VRE_train,close,15,0.0
VRE_train,close,16,0.0
VRE_train,close,17,0.0
VRE_train,close,18,0.0
VRE_train,close,19,0.0
VRE_train,close,20,0.0
VRE_train,close,21,0.0
VRE_train,close,22,0.0
VRE_train,close,23,0.0
VRE_train,close,24,0.0
VRE_train,close,25,0.0
VRE_train,close,26,0.0
VRE_train,close,27,0.0
VRE_train,close,28,0.0
VRE_train,close,29,0.0
VRE_train,close,30,0.0
